acid_identifier,acid_SMILES
A1,B(C1=CC(=CC=C1)[N+](=O)[O-])(O)O
A2,B1(OCCCO1)C2=CC=CC=C2
A3,B(C1=CC=CC=C1C)(O)O
A4,B(C1=CC(=CC=C1)C)(O)O
A5,B(C1=CC=C(C=C1)C)(O)O
A6,B(C1=CC=C(C=C1)C=C)(O)O
A7,B(C1=CC=C(C=C1)OC)(O)O
A8,B(C1=CC=CC=C1C=O)(O)O
A9,B(C1=CC=C(C=C1)C=O)(O)O
A10,B(C1=CC(=CC=C1)C(F)(F)F)(O)O
A11,B(C1=CC=CS1)(O)O
A12,B(C1=CSC=C1)(O)O
A13,B(C1=CC=C(C=C1)C(F)(F)F)(O)O
A14,B(C1=CC(=CC=C1)OCC)(O)O
A15,B(C1=CC(=CC=C1)C=O)(O)O
A16,B(C1=CC(=CC=C1)OC)(O)O
A17,B(C1=CC=CC=C1C(F)(F)F)(O)O
A18,B(C1=CC=CC=C1OC)(O)O
A19,B(C1=CC=CC=C1OCC)(O)O
A20,B(C1=CC=C(C=C1)OCC)(O)O
A21,B(C1=CC(=CC=C1)C(=O)O)(O)O
A22,B(C1=CC=C(C=C1)C(=O)O)(O)O
A23,B(C1=CC=C(C=C1)SC)(O)O
A24,B(C1=CC=CO1)(O)O
A25,B(C1=CC=CC=C1C(=O)C)(O)O
A26,B(C1=CC(=CC=C1)C(=O)C)(O)O
A27,B(C1=CC=C(C=C1)C(=O)C)(O)O
A28,B(C1=CC(=CC(=C1)C(F)(F)F)C(F)(F)F)(O)O
A29,B(C1=CC=C(C=C1)C(C)(C)C)(O)O
A30,B(C1=C(C=CC=C1C)C)(O)O
A31,B(C1=CC(=CC(=C1)C)C)(O)O
A32,B(C1=C(C=CC=C1OC)OC)(O)O
A33,B(C1=CC(=C(C=C1)OC)OC)(O)O
A34,B(C1=C(C=C(C=C1)OC)OC)(O)O
A35,B(C1=C(C=CC(=C1)OC)OC)(O)O
A36,B(C1=C(C(=CC=C1)C)C)(O)O
A37,B(C1=C(C=CC(=C1)C)C)(O)O
A38,B(C1=CC=C(C=C1)N(C)C)(O)O
A39,B(C1=CC=C(C=C1)CC)(O)O
A40,B(C1=C(SC=C1)C=O)(O)O
A41,B(C1=C(C=CS1)C=O)(O)O
A42,B(C1=CC=C(S1)C(=O)C)(O)O
A43,B(C1=CC2=C(C=C1)OCO2)(O)O
A44,B(C1=CC(=CC=C1)OC(F)(F)F)(O)O
A45,B(C1=CC=C(C=C1)OC(F)(F)F)(O)O
A46,B(C1=CN=CC=C1)(O)O
A47,B(C1=COC=C1)(O)O
A48,B(C1=CC=C(S1)C)(O)O
A49,B(C1=C(C(=C(C=C1)OC)OC)OC)(O)O
A50,B(C1=CC=C(C=C1)CO)(O)O
A51,B(C1=CC=C(O1)C=O)(O)O
A52,B(C1=CC=C(C=C1)CC(C(=O)O)N)(O)O
A53,B(C1=CC(=CC=C1)CO)(O)O
A54,B(C1=CC(=C(C=C1)OC)C=O)(O)O
A55,B(C1=CC(=CC=C1)C#N)(O)O
A56,B1(OC(C(O1)(C)C)(C)C)C2=CC=C(C=C2)C(=O)O
A57,B(C1=CC=C(S1)C=O)(O)O
A58,[2H]C1=C(C(=C(C(=C1[2H])[2H])B(O)O)[2H])[2H]
A59,B1(OC(C(O1)(C)C)(C)C)C2=CC=C(C=C2)N
A60,B1(OC(C(O1)(C)C)(C)C)C2=CC=C(C=C2)NC(=O)C
A61,B1(OC(C(O1)(C)C)(C)C)C2=CC(=C(C=C2)O)OC
A62,B1(OC(C(O1)(C)C)(C)C)C2=CC(=C(C(=C2)C)O)C
A63,B1(OC(C(O1)(C)C)(C)C)C2=CC=C(C=C2)O
A64,B(C1=CC=CC=C1SC)(O)O
A65,B(C1=CC=CC=C1C#N)(O)O
A66,B(C1=CC=C(C=C1)C#N)(O)O
A67,B(C1=CC(=C(C=C1)C)[N+](=O)[O-])(O)O
A68,B(C1=CC=C(C=C1)CCCC)(O)O
A69,B(C1=CC=C(C=C1)CCC)(O)O
A70,B(C1=C(C(=CC(=C1C)C)C)C)(O)O
A71,B(C1=CC=CC=C1CC)(O)O
A72,B1(OC(C(O1)(C)C)(C)C)C2=CC=CC=C2O
A73,B1(OC(C(O1)(C)C)(C)C)C2=CC(=CC=C2)O
A74,B(C1=CC(=CC=C1)[Si](C)(C)C)(O)O
A75,B(C1=CC=C(C=C1)[Si](C)(C)C)(O)O
A76,B(C1=CC(=CC=C1)O)(O)O
A77,B(C1=CC=C(C=C1)O)(O)O
A78,B(C1=CC(=CC=C1)S)(O)O
A79,B(C1=CC=C(C=C1)S)(O)O
A80,B(C1=CC(=CC=C1)O[Si](C)(C)C(C)(C)C)(O)O
A81,B(C1=CC=C(C=C1)O[Si](C)(C)C(C)(C)C)(O)O
A82,B1(OC(C(O1)(C)C)(C)C)C2=CNN=C2
A83,B(C1=CC(=CC=C1)SC)(O)O
A84,B1(OC(C(O1)(C)C)(C)C)C2=CC(=CC=C2)C(=O)OCC
A85,B1(OC(C(O1)(C)C)(C)C)C2=CC=C(C=C2)C#N
A86,B1(OC(C(O1)(C)C)(C)C)C2=CC=C(C=C2)C(=O)OCC
A87,B(C1=C(C=C(C=C1C)C)C)(O)O
A88,B(C1=CC(=C(C=C1C)C)C)(O)O
A89,B(C1=CSC=C1C)(O)O
A90,B(C1=CC(=CC=C1)OC(C)C)(O)O
A91,B(C1=CC=CC=C1OC(C)C)(O)O
A92,B(C1=CC=C(C=C1)OC(C)C)(O)O
A93,B(C1=CC=CC=C1OCCCC)(O)O
A94,B(C1=CC(=CC=C1)OCCCC)(O)O
A95,B(C1=CC=C(C=C1)OCCCC)(O)O
A96,B(C1=CC=C(C=C1)OCCC)(O)O
A97,B(C1=CC(=CC=C1)OCCC)(O)O
A98,B(C1=CC=CC=C1OCCC)(O)O
A99,B(C1=C(C(=CC=C1)OC)OC)(O)O
A100,B1(OC(C(O1)(C)C)(C)C)C2=CC=C(C=C2)NC(=O)OC(C)(C)C
A101,B(C1=C(C=CC(=C1)C)OCCC)(O)O
A102,B(C1=C(C=CC(=C1)C)OC(C)C)(O)O
A103,B(C1=C(C=CC(=C1)C)OCCCC)(O)O
A104,B(C1=CC=C(C=C1)NC(=O)C)(O)O
A105,B(C1=CC=C(C=C1)NC(=O)OC(C)(C)C)(O)O
A106,B1(OC(C(O1)(C)C)(C)C)C2=CC(=CC=C2)OC(=O)OC(C)(C)C
A107,B1(OC(C(O1)(C)C)(C)C)C2=CC=C(C=C2)OC(=O)OC(C)(C)C
A108,B(C1=CC(=CC=C1)NC(=O)C)(O)O
A109,B(C1=CC(=CC(=C1OCCCC)C=O)C)(O)O
A110,B(C1=CC(=CC(=C1OC(C)C)C=O)C)(O)O
A111,B(C1=CC(=CC(=C1OCC)C=O)C)(O)O
A112,B(C1=CC(=CC(=C1OC)C=O)C)(O)O
A113,B(C1=CC(=CC(=C1)C=O)C=O)(O)O
A114,B(C1=C(C=CC(=C1)C)OCC)(O)O
A115,B(C1=C(C=CC(=C1)C)OC)(O)O
A116,B1(OC(C(O1)(C)C)(C)C)C2=CC=CC=C2C(=O)OCC
A117,B1(OC(C(O1)(C)C)(C)C)C2=CC=CC=C2OC(=O)C
A118,B1(OC(C(O1)(C)C)(C)C)C2=CC(=CC=C2)OC(=O)C
A119,B1(OC(C(O1)(C)C)(C)C)C2=CC=C(C=C2)OC(=O)C
A120,B1(OC(C(O1)(C)C)(C)C)C2=CC=CC=C2OC(=O)OC(C)(C)C
A121,B(C1=CC=C(C=C1)C(=O)OCC)(O)O
A122,B(C1=CC(=CC=C1)C(=O)OCC)(O)O
A123,B1(OC(C(O1)(C)C)(C)C)C2=CC(=CC=C2)N
A124,B1(OC(C(O1)(C)C)(C)C)C2=CC(=CC=C2)C(=O)O
A125,B1(OC(C(O1)(C)C)(C)C)C2=COC=C2
A126,B1(OC(C(O1)(C)C)(C)C)C2=CC=CC=C2N
A127,B1(OC(C(O1)(C)C)(C)C)C2=CN=CC=C2
A128,B1(OC(C(O1)(C)C)(C)C)C2=CC(=CC=C2)NC(=O)C
A129,B1(OC(C(O1)(C)C)(C)C)C2=CC(=CC=C2)C#N
A130,B(C1=CC=C(C=C1)NC(=O)CCC(=O)O)(O)O
A131,B1(OC(C(O1)(C)C)(C)C)C2=CC=C(C=C2)NC(=O)CCC(=O)O
A132,B1(OC(C(O1)(C)C)(C)C)C2=CC=NC=C2
A133,B1(OC(C(O1)(C)C)(C)C)C2=CC(=CC=C2)NC(=O)OC(C)(C)C
A134,B(C1=CC(=CC=C1)NC(=O)OC(C)(C)C)(O)O
A135,B(C1=CC(=CC=C1)C(=O)OC)(O)O
A136,B1(OC(C(O1)(C)C)(C)C)C2=CC(=C(C=C2)OC(=O)C)OC
A137,B(C1=CC=C(C=C1)C(=O)OC)(O)O
A138,B(C1=C(C=C(C=C1)OCCCC)C)(O)O
A139,B1(OC(C(O1)(C)C)(C)C)C2=CC(=CC=C2)C(=O)OC
A140,B(C1=C(C=C(C=C1)OCCC)C)(O)O
A141,B1(OC(C(O1)(C)C)(C)C)C2=CC=C(C=C2)C(=O)OC
A142,B(C1=C(C=C(C=C1)OCC)C)(O)O
A143,B1(OC(C(O1)(C)C)(C)C)C2=CC=CC=C2NC(=O)OC(C)(C)C
A144,B1(OC(C(O1)(C)C)(C)C)C2=CC=CC=C2NC(=O)C
A145,B1(OC(C(O1)(C)C)(C)C)C2=CC=CC=C2NC=O
A146,B1(OC(C(O1)(C)C)(C)C)C2=CC(=CC=C2)NC=O
A147,B1(OC(C(O1)(C)C)(C)C)C2=CN(N=C2)C
A148,B(C1=CC(=C(C=C1)OC)C)(O)O
A149,B(C1=CC(=CC=C1)SCC)(O)O
A150,B(C1=CC(=C(C(=C1)C)OCCCC)C)(O)O
A151,B(C1=CC(=C(C(=C1)C)OC(C)C)C)(O)O
A152,B(C1=CC(=C(C(=C1)C)OCCC)C)(O)O
A153,B(C1=CC(=C(C(=C1)C)OCC)C)(O)O
A154,B(C1=CC(=C(C(=C1)C)OC)C)(O)O
A155,B1(OCCCO1)C2=CN=CC=C2
A156,B1(OCC(CO1)(C)C)C2=CC=CC=C2
A157,B1(OC(C(O1)(C)C)(C)C)C2=CC(=CC=C2)[N+](=O)[O-]
A158,B1(OC(C(O1)(C)C)(C)C)C2=CC=C(C=C2)NS(=O)(=O)C
A159,B1(OC(C(O1)(C)C)(C)C)C2=CN(N=C2)C(=O)OC(C)(C)C
A160,B1(OC(C(O1)(C)C)(C)C)C2=CC(=CC(=C2)OC)OC
A161,B(C1=CC=NC=C1)(O)O
A162,B(C1=CC(=CC(=C1)C=O)C)(O)O
A163,B(C1=CC2=C(C=C1)OCCO2)(O)O
A164,B1(OC(C(O1)(C)C)(C)C)C2=C(NN=C2C)C
A165,B1(OC(C(O1)(C)C)(C)C)C2=CN=C(C=C2)OC
A166,B1(OC(C(O1)(C)C)(C)C)C2=CC(=CC=C2)NS(=O)(=O)C
A167,B1(OC(C(O1)(C)C)(C)C)C2=CC=CC=C2NS(=O)(=O)C
A168,B(C1=CN=C(C=C1)OC)(O)O
A169,B(C1=C(C=C(C=C1)OC)C)(O)O
A170,B(C1=CC=C(C=C1)OCC(C)C)(O)O
A171,B1(OC(C(O1)(C)C)(C)C)C2=CN=C(C=C2)N
A172,B1(OC(C(O1)(C)C)(C)C)C2=CN(N=C2)CC(C)C
A173,B1(OCC(CO1)(C)C)C2=CN=CC=C2
A174,B1(OC(C(O1)(C)C)(C)C)C2=C(ON=C2C)C
A175,B1(OC(C(O1)(C)C)(C)C)C2=CC=C(C=C2)[N+](=O)[O-]
A176,B(C1=CC(=CC=C1)OCC(C)C)(O)O
A177,B(C1=CC=CC=C1OCC(C)C)(O)O
A178,B1(OC(C(O1)(C)C)(C)C)C2=CC=CC=C2
A179,B(C1=C(C=CC=C1OC(C)C)OC)(O)O
A180,B(C1=C(C=C(C=C1)OCCCC)OCCCC)(O)O
A181,B1(OCC(CO1)(C)C)C2=CC(=CC=C2)C#N
A182,B(C1=C(C=CC(=C1)C)OCC(C)C)(O)O
A183,B1(OC(C(O1)(C)C)(C)C)C2=CC(=C(C=C2)N)[N+](=O)[O-]
A184,B(C1=CC(=C(C=C1)N)[N+](=O)[O-])(O)O
A185,B(C1=CC(=C(C(=C1)OC)OC)OC)(O)O
A186,B(C1=CC(=CC(=C1)OCC)C=O)(O)O
A187,B1(OCCCO1)C2=CC=CC=C2C#N
A188,B1(OC(C(O1)(C)C)(C)C)C2=CN=C(C=C2)N3CCOCC3
A189,B1(OC(C(O1)(C)C)(C)C)C2=CN=C(C=C2)N3CCNCC3
A190,B1(OC(C(O1)(C)C)(C)C)C2=CN=C(C=C2)N3CCN(CC3)C(=O)OC(C)(C)C
A191,B1(OC(C(O1)(C)C)(C)C)C2=CC(=NC=C2)N3CCNCC3
A192,B1(OC(C(O1)(C)C)(C)C)C2=C(N(N=C2C)C)C
A193,B1(OC(C(O1)(C)C)(C)C)C2=CC=C(S2)C
A194,B(C1=C(C=C(C=C1)OC(C)C)C)(O)O
A195,B(C1=CC(=CC(=C1)OC(C)C)C=O)(O)O
A196,B(C1=CC(=CC(=C1)OCCC)C=O)(O)O
A197,B(C1=CC(=CC(=C1OCCC)C=O)C)(O)O
A198,B(C1=C(C=CC=C1OCC(C)C)OC)(O)O
A199,B(C1=C(C(=CC=C1)C=O)OC)(O)O
A200,B(C1=CN=C(N=C1OC)OC)(O)O
A201,B(C1=CC(=C(C=C1)OC(C)C)C=O)(O)O
A202,B1(OC(C(O1)(C)C)(C)C)C2=CN=C(C=C2)N3CCCCC3
A203,B1(OC(C(O1)(C)C)(C)C)C2=CC(=CN=C2)OC
A204,B(C1=C(C=C(C=C1)OC)C(F)(F)F)(O)O
A205,B(C1=CC=C(C=C1)[N+](=O)[O-])(O)O
A206,B(C1=CC=CC=C1[N+](=O)[O-])(O)O
A207,B1(OC(C(O1)(C)C)(C)C)C2=CN=C(C=C2)[N+](=O)[O-]
A208,B(C1=CC=C(C=C1)S(=O)(=O)C)(O)O
A209,B1(OC(C(O1)(C)C)(C)C)C2=CC=C(C=C2)C(=O)N3CCCCC3
A210,B1(OC(C(O1)(C)C)(C)C)C2=CC=C(C=C2)C(=O)N3CCOCC3
A211,B(C1=CC(=C(C=C1)OCC)C=O)(O)O
A212,B(C1=CC=C(C=C1)CBr)(O)O
A213,B(C1=CC(=CC=C1)CBr)(O)O
A214,B(C1=CC=CC=C1CBr)(O)O
A215,B1(OC(C(O1)(C)C)(C)C)C2=CSC=C2C
A216,B1(OC(C(O1)(C)C)(C)C)C2=CC=C(O2)C
A217,B1(OC(C(O1)(C)C)(C)C)C2=CC(=CC=C2)C(=O)N3CCCC3
A218,B1(OC(C(O1)(C)C)(C)C)C2=CC=C(C=C2)CN3CCOCC3
A219,B1(OCCN(CCO1)CCCC)C2=CC=CC=C2
A220,B(C1=CC(=CC=C1)N(C)C)(O)O
A221,B(C1=CC(=CC=C1)C=C)(O)O
A222,B(C1=C(C=CC(=C1)C(C)C)OC)(O)O
A223,B(C1=CC(=CC(=C1OC(C)C)C=O)C=O)(O)O
A224,B(C1=C(C=C(C=C1)OCCC)OCCC)(O)O
A225,B(C1=C(C=C(C=C1)OCC)OCC)(O)O
A226,B(C1=C(C=C(C=C1C(C)C)C(C)C)C(C)C)(OC)OC
A227,B1(O[C@H]([C@@H](O1)C(=O)O)C(=O)O)C2=CC(=CC=C2)[N+](=O)[O-]
A228,B1(O[C@@H]([C@H](O1)C(=O)O)C(=O)O)C2=CC(=CC=C2)[N+](=O)[O-]
A229,B1(OC(C(O1)(C)C)(C)C)C2=CN(N=C2)CC(=O)OCC
A230,B1(OC(C(O1)(C)C)(C)C)C2=C(N(N=C2C)C(=O)OC(C)(C)C)C
A231,B(C1=CC=CC=C1OC(F)(F)F)(O)O
A232,B(C1=CC=CC=C1C(=O)OC)(O)O
A233,B1(OC(C(O1)(C)C)(C)C)C2=CC=CC=C2C=O
A234,B1(OC(C(O1)(C)C)(C)C)C2=CN=C(N=C2OC)OC
A235,B(C1=CC=C(C=C1)C(=O)N)(O)O
A236,B1(OC(C(O1)(C)C)(C)C)C2=CC=CC=C2C#N
A237,B1(OC(C(O1)(C)C)(C)C)C2=CN=C(C=C2)NC(=O)C
A238,B(C1=CC=CC=C1NC(=O)C)(O)O
A239,B(C1=C(C=C(C=C1)C(F)(F)F)C(F)(F)F)(O)O
A240,B(C1=CC(=CC(=C1OCCC)C=O)C=O)(O)O
A241,B(C1=C(N=CC=C1)OC)(O)O
A242,B(C1=C(C=C(C=C1)C#N)C)(O)O
A243,B(C1=CC=CC=C1)(O)O
A244,B(C1=CC=CN1C(=O)OC(C)(C)C)(O)O
A245,B(C1=CC=C(C=C1)C[C@H](C(=O)O)N)(O)O
A246,B(C1=C(N=CC=C1)C)(O)O
A247,B(C1=CC=C(C=C1)C[C@@H](C(=O)O)N)(O)O
A248,B1(C2=CC=CC=C2CO1)O
A249,B(C1=CC=CC=C1C(=O)OCC)(O)O
A250,B(C1=CC(=CC=C1)C(=O)N)(O)O
A251,B1(OC(C(O1)(C)C)(C)C)C2=CC=C(C=C2)C(=O)N3CCN(CC3)C(=O)OC(C)(C)C
A252,B1(OC(C(O1)(C)C)(C)C)C2=CC=C(C=C2)C(=O)N(C)OC
A253,B1(OC(C(O1)(C)C)(C)C)C2=CC(=CC=C2)C(=O)N(C)OC
A254,B1(OC(C(O1)(C)C)(C)C)C2=CC=C(S2)CCCCCC
A255,B1(OC(C(O1)(C)C)(C)C)C2=CC=C(S2)[Si](C)(C)C(C)(C)C
A256,B1(OC(C(O1)(C)C)(C)C)C2=C(C=CS2)C
A257,B1(OC(C(O1)(C)C)(C)C)C2=CC(=CS2)C
A258,B1(OC(C(O1)(C)C)(C)C)C2=C(C=CS2)CCCCCC
A259,B1(OC(=O)CN(CC(=O)O1)C)C2=CC=C(C=C2)C=O
A260,B1(OC(=O)CN(CC(=O)O1)C)C2=CC=C(C=C2)C#N
A261,B1(OC(=O)CN(CC(=O)O1)C)C2=CC(=CC=C2)O
A262,B1(OC(=O)CN(CC(=O)O1)C)C2=CC=CC=C2C#N
A263,B1(OC(=O)CN(CC(=O)O1)C)C2=CC(=CC=C2)C#N
A264,B1(OC(=O)CN(CC(=O)O1)C)C2=CC=CC=C2
A265,B1(OC(=O)CN(CC(=O)O1)C)C2=CC=C(C=C2)C(=O)O
A266,B1(OC(=O)CN(CC(=O)O1)C)C2=CC=CC=C2OC
A267,B1(OC(=O)CN(CC(=O)O1)C)C2=CC(=CC=C2)C(=O)O
A268,B1(OC(=O)CN(CC(=O)O1)C)C2=CC=C(C=C2)CO
A269,B1(OC(=O)CN(CC(=O)O1)C)C2=CC(=CC=C2)[N+](=O)[O-]
A270,B1(OC(=O)CN(CC(=O)O1)C)C2=CC(=CC=C2)C(=O)OC
A271,B1(OC(=O)CN(CC(=O)O1)C)C2=CC=CC=C2C=O
A272,B1(OC(=O)CN(CC(=O)O1)C)C2=CC=C(C=C2)C
A273,B1(OC(C(O1)(C)C)(C)C)C2=CC=NN2C
A274,B1(OC(C(O1)(C)C)(C)C)C2=CC=C(C=C2)C#C[Si](C)(C)C
A275,B1(OC(=O)CN(CC(=O)O1)C)C2=CC(=CC=C2)OC
A276,B1(OC(=O)CN(CC(=O)O1)C)C2=CC=NC=C2
A277,B1(OC(C(O1)(C)C)(C)C)C2=CC(=CC=C2)C(=O)N3CCOCC3
A278,B1(OC(C(O1)(C)C)(C)C)C2=CC(=CC=C2)CN3CCOCC3
A279,B1(OC(C(O1)(C)C)(C)C)C2=CC=C(S2)CN3CCOCC3
A280,B1(OC(=O)CN(CC(=O)O1)C)C2=CN=C(C=C2)OC
A281,B1(OC(=O)CN(CC(=O)O1)C)C2=CC=C(C=C2)OC
A282,B1(OC(=O)CN(CC(=O)O1)C)C2=CC(=CC=C2)C=O
A283,B1(OC(=O)CN(CC(=O)O1)C)C2=CC=CO2
A284,B1(OC(=O)CN(CC(=O)O1)C)C2=C(N=CC=C2)OC
A285,B1(OC(=O)CN(CC(=O)O1)C)C2=CC=C(C=C2)C=C
A286,B(C1=C(SC=C1)C(=O)C)(O)O
A287,B1(OC(C(O1)(C)C)(C)C)C2=CN=C(N=C2)N(C)C
A288,B1(OC(C(O1)(C)C)(C)C)C2=CC=CC=C2C#C[Si](C)(C)C
A289,B1(OC(C(O1)(C)C)(C)C)C2=CC=C(C=C2)C(=O)NCC#C
A290,B1(OC(C(O1)(C)C)(C)C)C2=CC=C(C=C2)CO
A291,B1(OCC(CO1)(C)C)C2=C(C=C(C=C2OC)OC)OC
A292,B1(OC(C(O1)(C)C)(C)C)C2=CC(=CC=C2)CO
A293,B1(OC(=O)CN(CC(=O)O1)C)C2=CC=C(O2)C=O
A294,B1(OC(=O)CN(CC(=O)O1)C)C2=CN=CC=C2
A295,B1(OC(C(O1)(C)C)(C)C)C2=CC=CC=C2N(C)C
A296,B1(OC(C(O1)(C)C)(C)C)C2=CN=CN=C2
A297,B(C1=C(N=CC=C1)N2CCCC2)(O)O
A298,B(C1=C(N=CC=C1)N2CCOCC2)(O)O
A299,B1(OC(C(O1)(C)C)(C)C)C2=CN(N=C2C)C
A300,B1(OC(C(O1)(C)C)(C)C)C2=CC(=CC=C2)C3OCCO3
A301,B1(OC(C(O1)(C)C)(C)C)C2=C(C=CC(=C2)N)C
A302,B1(OC(C(O1)(C)C)(C)C)C2=CN(N=C2)CCC
A303,B1(OC(C(O1)(C)C)(C)C)C2=C(NN=C2)C
A304,B(C1=C(N=C(C=C1)OC)OC)(O)O
A305,B1(OC(C(O1)(C)C)(C)C)C2=CNC(=O)C=C2
A306,B1(OC(C(O1)(C)C)(C)C)C2=CC=C(S2)CN3CCCCC3
A307,B1(OC(C(O1)(C)C)(C)C)C2=CC=C(C=C2)C(=O)N3CCN(CC3)C
A308,B1(OC(C(O1)(C)C)(C)C)C2=CN(N=C2)CC
A309,B1(OC(C(O1)(C)C)(C)C)C2=CN(N=C2)CCN3CCOCC3
A310,B(C1=CN=C(N=C1)N)(O)O
A311,B1(OC(C(O1)(C)C)(C)C)C2=CC(=CC=C2)C(=O)NCC#C
A312,B(C1=CNN=C1)(O)O
A313,B1(OC(C(O1)(C)C)(C)C)C2=CC=CN2C
A314,B1(OC(=O)CN(CC(=O)O1)C)C2=C(C=CC=C2C)C
A315,B1(OC(=O)CN(CC(=O)O1)C)C2=CC=CS2
A316,B1(OC(C(O1)(C)C)(C)C)C2=CC(=C(N=C2)N)[N+](=O)[O-]
A317,B1(OC(C(O1)(C)C)(C)C)C2=C(C=CN=C2)C
A318,B1(OC(C(O1)(C)C)(C)C)C2=C(C=CS2)OC
A319,B(C1=CN(N=C1)C(=O)OC(C)(C)C)(O)O
A320,B(C1=CC(=CC(=C1)OC)OC)(O)O
A321,B1(OC(C(O1)(C)C)(C)C)C2=C(NN=C2)C(F)(F)F
A322,B(C1=CC=C(C=C1)C(=O)N(C)C)(O)O
A323,B1(OC(C(O1)(C)C)(C)C)C2=CC=C(C=C2)OC(F)(F)F
A324,B1(OC(C(O1)(C)C)(C)C)C2=CC=CC=C2CBr
A325,B1(OC(C(O1)(C)C)(C)C)C2=CN(N=C2)C(C)C
A326,B(C1=CC2=C(C=C1C=O)OCO2)(O)O
A327,B(C1=C(C=C(C=C1)OC)C=O)(O)O
A328,B1(OC(C(O1)(C)C)(C)C)C2=C(C=NC=C2)OC
A329,B1(OC(C(O1)(C)C)(C)C)C2=C(C=CN=C2)OC
A330,B(C1=CN=C(C=C1)NC(=O)OC(C)(C)C)(O)O
A331,B(C1=CC=C(C=C1)NS(=O)(=O)C)(O)O
A332,B1(OC(C(O1)(C)C)(C)C)C2=CC(=CC=C2)CBr
A333,B1(OC(C(O1)(C)C)(C)C)C2=CC=C(C=C2)CBr
A334,B1(OC(C(O1)(C)C)(C)C)C2=CC=CC=C2C(=O)N(CC)CC
A335,B1(OC(C(O1)(C)C)(C)C)C2=CC=C(C=C2)C=C3C(=O)N(C(=O)N(C3=O)C)C
A336,B1(OC(C(O1)(C)C)(C)C)C2=CC=C(C=C2)/C=C(\C#N)/C(=O)OCC
A337,B1(OC(C(O1)(C)C)(C)C)C2=CC(=CC=C2)NC(=O)CNC(=O)OC(C)(C)C
A338,B(C1=CN=C(C=C1)OCC)(O)O
A339,B1(OC(C(O1)(C)C)(C)C)C2=CC=NN2C3CCCCO3
A340,B1(OC(C(O1)(C)C)(C)C)C2=CC=C(C=C2)CC(=O)O
A341,B1(OC(C(O1)(C)C)(C)C)C2=CC(=CC=C2)C#C[Si](C)(C)C
A342,B1(OC(=O)CN(CC(=O)O1)C)C2=CC=CC=N2
A343,B1(OC(=O)CN(CC(=O)O1)C)C2=CC=CC=C2CBr
A344,B1(OC(=O)CN(CC(=O)O1)C)C2=CC=CC=C2C
A345,B(C1=C(C=CC=C1C(C)C)C(C)C)(O)O
A346,B(C1=C(ON=C1C)C)(O)O
A347,B(C1=CC=C(C=C1)/C=C/C(=O)O)(O)O
A348,B1(OC(C(O1)(C)C)(C)C)C2=CC(=CC=C2)C(=O)N(CC)CC
A349,B(C1=CC=C(C=C1)/C=C/[N+](=O)[O-])(O)O
A350,B1(OC(C(O1)(C)C)(C)C)C2=CC(=NN2C)C(F)(F)F
A351,B(C1=C(C=C(C=C1C(C)C)C(C)C)C(C)C)(O)O
A352,B(C1=CC(=CC(=C1)[N+](=O)[O-])C(=O)O)(O)O
A353,B1(OC(C(O1)(C)C)(C)C)C2=CC(=CC=C2)C(C)(C)O
A354,B1(OC(C(O1)(C)C)(C)C)C2=CC=C(C=C2)C#C
A355,B1(OC(C(O1)(C)C)(C)C)C2=CC=C(C=C2)CN3CCN(CC3)C(=O)OC(C)(C)C
A356,B1(OC(=O)CN(CC(=O)O1)C)C2=NC(=CC=C2)OC
A357,B1(OC(C(O1)(C)C)(C)C)C2=CC=C(S2)C#N
A358,B1(OC(C(O1)(C)C)(C)C)C2=CN(N=C2)C3CCCC3
A359,B1(OC(=O)CN(CC(=O)O1)C)C2=NC(=CC=C2)C
A360,B1(OCC(CO1)(C)C)C2=CN(N=C2)C3CCCCO3
A361,B1(OC(=O)CN(CC(=O)O1)C)C2=CC=CN2N(C)C
A362,B1(OC(=O)CN(CC(=O)O1)C)C2=CC(=CC=C2)C
A363,B(C1=CC(=NN1C)C(F)(F)F)(O)O
A364,B1(OC(C(O1)(C)C)(C)C)C2=CN=C(N=C2)SC
A365,B1(OC(=O)CN(CC(=O)O1)C)C2=CC=CN2C(=O)OC(C)(C)C
A366,B1(OC(C(O1)(C)C)(C)C)C2=CC=C(S2)C(=O)O
A367,B1(OC(C(O1)(C)C)(C)C)C2=CC(=CC=C2)OC
A368,B1(OC(=O)CN(CC(=O)O1)C)C2=NN(C=C2)C3CCCCO3
A369,B1(OC(C(O1)(C)C)(C)C)C2=CON=C2
A370,B(C1=CC=C(C=C1)N(CC)CC)(O)O
A371,B(C1=CN=C(C=C1)C)(O)O
A372,B1(OC(=O)CN(CC(=O)O1)C)C2=CSC=C2
A373,B1(OC(=O)CN(CC(=O)O1)C)C2=COC=C2
A374,B1(OC(=O)CN(CC(=O)O1)C)C2=CN=CS2
A375,B([13C]1=[13CH][13CH]=[13C]([13CH]=[13CH]1)O)(O)O
A376,B1(OC(C(O1)(C)C)(C)C)C2=CC=CS2
A377,B1(OC(=O)CN(CC(=O)O1)C)C2=C(N=C(C=C2)OC)OC
A378,B1(OC(=O)CN(CC(=O)O1)C)C2=C(C=CN=C2)C
A379,B(C1=CC=C(C=C1)S(=O)(=O)N)(O)O
A380,B1(OC(=O)CN(CC(=O)O1)C)C2=CC=C(S2)C#N
A381,B1(OC(=O)CN(CC(=O)O1)C)C2=CC=NN2C
A382,B1(OC(C(O1)(C)C)(C)C)C2=CC=C(S2)C(C(C(C(C(C(F)(F)F)(F)F)(F)F)(F)F)(F)F)(F)F
A383,B(C1=C(C=C(C=C1)C)C)(O)O
A384,B1(OC(=O)CN(CC(=O)O1)C)C2=CC=CC=C2C(F)(F)F
A385,B1(OC(=O)CN(CC(=O)O1)C)C2=CC=C(C=C2)C(C)(C)C
A386,B1(OC(=O)CN(CC(=O)O1)C)C2=CC(=C(C=C2)OC)OC
A387,B1(OC(=O)CN(CC(=O)O1)C)C2=CC(=CC=C2)C(F)(F)F
A388,B1(OC(=O)CN(CC(=O)O1)C)C2=CC=C(C=C2)OC(F)(F)F
A389,B(C1=CC(=CC=C1)NC(=O)C=C)(O)O
A390,B1(OC(=O)CN(CC(=O)O1)C)C2=CC(=NN=C2OC)OC
A391,B1(OC(=O)CN(CC(=O)O1)C)C2=NC=C(C=C2)C(F)(F)F
A392,B(C1=C(C=CC(=C1)C(=O)O)OC)(O)O
A393,B1(OC(C(O1)(C)C)(C)C)C2=CC=C(C=C2)CN3CCN(CC3)C
A394,B1(OC(=O)CN(CC(=O)O1)C)C2=CC=CC=C2OC(F)(F)F
A395,B1(OC(=O)CN(CC(=O)O1)C)C2=CC(=CC=C2)OC(F)(F)F
A396,B(C1=CC(=CC=C1)N)(O)O
A397,B1(OC(C(O1)(C)C)(C)C)C2=C(C=NC=C2NC(=O)OC(C)(C)C)OC
A398,B1(OC(C(O1)(C)C)(C)C)C2=CC3=C(N=C2)OCCC3
A399,B1(OC(C(O1)(C)C)(C)C)C2=C3C(=NC=C2)OCCO3
A400,B1(OC(C(O1)(C)C)(C)C)C2=CC3=C(N=C2)OCCO3
A401,B1(OC(C(O1)(C)C)(C)C)C2=C(C(=NC=C2C(F)(F)F)OC)OC
A402,B1(OC(C(O1)(C)C)(C)C)C2=CC(=CN=C2NC(=O)C(C)(C)C)C(F)(F)F
A403,B1(OC(C(O1)(C)C)(C)C)C2=C(N=CC=C2)NC(=O)C(C)(C)C
A404,B1(OC(C(O1)(C)C)(C)C)C2=C(N=CC=C2)OC
A405,B1(OC(C(O1)(C)C)(C)C)C2=C(N=CC=C2)OCC
A406,B1(OC(C(O1)(C)C)(C)C)C2=C(N=CC=C2)OC(C)C
A407,B1(OC(C(O1)(C)C)(C)C)C2=NC(=C(C=C2)OC)OC
A408,B1(OC(C(O1)(C)C)(C)C)C2=CC(=C(N=C2)OC)OC
A409,B1(OC(C(O1)(C)C)(C)C)C2=C(C=NC=C2C#N)OC
A410,B1(OC(C(O1)(C)C)(C)C)C2=C(C=NC=C2CNC(=O)OC(C)(C)C)OC
A411,B1(OC(C(O1)(C)C)(C)C)C2=C(N=CC=C2)OCC3CCN(C3)C(=O)OC(C)(C)C
A412,B1(OC(C(O1)(C)C)(C)C)C2=CC(=CN=C2NC(=O)C(C)(C)C)C
A413,B1(OC(C(O1)(C)C)(C)C)C2=CC(=CN=C2OC)C
A414,B1(OC(C(O1)(C)C)(C)C)C2=CC3=C(N=C2)N(CCC3)C(=O)C(C)(C)C
A415,B1(OC(C(O1)(C)C)(C)C)C2=CN(N=C2)C(C)OCC
A416,B1(OC(C(O1)(C)C)(C)C)C2=CC(=C(N=C2OC)OC)OC
A417,B1(OC(C(O1)(C)C)(C)C)C2=NC3=C(C=C2)OCCO3
A418,B1(OC(C(O1)(C)C)(C)C)C2=CC=C(C=C2)C(=O)OC(C)(C)C
A419,B(C1=CC=C(C=C1)C(=O)NCC2CC2)(O)O
A420,B(C1=CC=C(C=C1)C(=O)NCCN(CC)CC)(O)O
A421,B1(OC(C(O1)(C)C)(C)C)C2=C(N=CC=C2)C#N
A422,B1(OC(C(O1)(C)C)(C)C)C2=C(C=CN=C2)C#N
A423,B1(OC(C(O1)(C)C)(C)C)C2=CC(=C(N=C2)N(C)C(=O)OC(C)(C)C)C
A424,B1(OC(C(O1)(C)C)(C)C)C2=C(N=CC=C2)SC
A425,B(C1=C(N=C(C=C1)C)OC)(O)O
A426,B1(OC(C(O1)(C)C)(C)C)C2=CNC(=O)N=C2
A427,B(C1=C(SC(=C1)C)C)(O)O
A428,B1(OCC(CO1)(C)C)C2=CC=NN2C
A429,B1(OC(C(O1)(C)C)(C)C)C2=C(C=NN2C3CCCCO3)C
A430,B1(OCC(CO1)(C)C)C2=C(N(N=C2C)C3CCCCO3)C
A431,B1(OC(C(O1)(C)C)(C)C)C2=NN(C(=C2C)C)C3CCCCO3
A432,B1(OC(C(O1)(C)C)(C)C)C2=CC(=NN2C3CCCCO3)C(F)(F)F
A433,B1(OC(C(O1)(C)C)(C)C)C2=CN=CN2C3CCCCO3
A434,B1(OC(C(O1)(C)C)(C)C)C2=CN=C(S2)NC(=O)OC(C)(C)C
A435,B1(OC(C(O1)(C)C)(C)C)C2=CN=C(O2)[Si](C(C)C)(C(C)C)C(C)C
A436,B1(OC(C(O1)(C)C)(C)C)C2=CN=CS2
A437,B1(OC(C(O1)(C)C)(C)C)C2=CC=C(C=C2)C=O
A438,B1(OC(C(O1)(C)C)(C)C)C2=CC(=CC=C2)C=O
A439,B1(OC(C(O1)(C)C)(C)C)C2=CN(N=C2)C3CCC3
A440,B(C1=CC=CC=C1NC(=O)C(C)(C)C)(O)O
A441,B(C1=CC=CC=C1NS(=O)(=O)C)(O)O
A442,B(C1=CC(=C(C=C1)OC)[N+](=O)[O-])(O)O
A443,B1(OC(C(O1)(C)C)(C)C)C2=CC(=CC=C2)C(=O)N
A444,B1(OC(C(O1)(C)C)(C)C)C2=CC=C(C=C2)SC
A445,B1(OC(C(O1)(C)C)(C)C)C2=CC=C(C=C2)C(=O)N
A446,B1(OC(C(O1)(C)C)(C)C)C2=CC(=CC=C2)C(=O)NCCN(C)C
A447,B1(OC(C(O1)(C)C)(C)C)C2=CC(=CC=C2)C(=O)N3CCN(CC3)C
A448,B1(OC(C(O1)(C)C)(C)C)C2=CC3=C(C=C2)OCO3
A449,B1(OC(C(O1)(C)C)(C)C)C2=CC3=C(C=C2)OCCO3
A450,B1(OC(C(O1)(C)C)(C)C)C2=CC=CC=C2C(=O)OC
A451,B1(OC(C(O1)(C)C)(C)C)C2=CC=C(C=C2)N3CCOCC3
A452,B1(OC(C(O1)(C)C)(C)C)C2=CC=C(C=C2)N3CCNCC3
A453,B1(OC(C(O1)(C)C)(C)C)C2=CC=C(C=C2)N3CCN(CC3)C
A454,B1(OC(C(O1)(C)C)(C)C)C2=CN(N=C2)CCC(C)C
A455,B1(OC(C(O1)(C)C)(C)C)C2=CC=C(C=C2)CNC(=O)OC(C)(C)C
A456,B1(OC(C(O1)(C)C)(C)C)C2=CC=C(C=C2)N(C)C
A457,B1(OC(C(O1)(C)C)(C)C)C2=CC=C(C=C2)C(C)(C)C
A458,B1(OC(C(O1)(C)C)(C)C)C2=CC(=CC=C2)C(=O)N(C)C
A459,B1(OC(C(O1)(C)C)(C)C)C2=CC(=CC=C2)CNC(=O)OC(C)(C)C
A460,B1(OC(C(O1)(C)C)(C)C)C2=CC=CC=C2OC(F)(F)F
A461,B1(OC(C(O1)(C)C)(C)C)C2=CC(=CC=C2)OC(F)(F)F
A462,B1(OC(C(O1)(C)C)(C)C)C2=CC(=CC=C2)C(=O)C
A463,B1(OC(C(O1)(C)C)(C)C)C2=CC(=CC=C2)C(F)(F)F
A464,B1(OC(C(O1)(C)C)(C)C)C2=CC=C(C=C2)N3CCN(CC3)C(=O)OC(C)(C)C
A465,B1(OC(C(O1)(C)C)(C)C)C2=CC=C(C=C2)N3CCN(CC3)C(C)C
A466,B1(OC(C(O1)(C)C)(C)C)C2=CC(=C(C=C2)C(=O)OC)OC
A467,B1(OC(C(O1)(C)C)(C)C)C2=CC=CC=C2OC
A468,B1(OC(C(O1)(C)C)(C)C)C2=CC(=C(C=C2)OC)OC
A469,B1(OC(C(O1)(C)C)(C)C)C2=CC(=C(C=C2)N)OC
A470,B1(OC(C(O1)(C)C)(C)C)C2=CC(=CC=C2)NC(=O)CCC(=O)O
A471,B1(OC(C(O1)(C)C)(C)C)C2=CC(=C(C=C2)OC)[N+](=O)[O-]
A472,B1(OC(C(O1)(C)C)(C)C)C2=C(C=CC(=C2)C)N
A473,B1(OC(C(O1)(C)C)(C)C)C2=CN=C(C=C2)NCCN3CCOCC3
A474,B1(OC(C(O1)(C)C)(C)C)C2=CC=C(C=C2)C(=O)N(CC)CC
A475,B1(OC(C(O1)(C)C)(C)C)C2=CC=C(C=C2)OCC#N
A476,B1(OC(C(O1)(C)C)(C)C)C2=C(C=C(C=C2)C)N
A477,B1(OC(C(O1)(C)C)(C)C)C2=CC(=C(C=C2)NC(=O)NCC)OC
A478,B1(OC(C(O1)(C)C)(C)C)C2=CN=C(N=C2)N
A479,B1(OC(C(O1)(C)C)(C)C)C2=CC=CC=C2OCC#N
A480,B1(OC(C(O1)(C)C)(C)C)C2=CC(=NC=C2)N3CCN(CC3)C(=O)OC(C)(C)C
A481,B1(OCC(CO1)(C)C)C2=CC=CC=C2C#N
A482,B1(OC(C(O1)(C)C)(C)C)C2=C(C=C(C=C2)OC)OC
A483,B1(OC(C(O1)(C)C)(C)C)C2=C(C=CC(=C2)C(=O)OC)OC
A484,B1(OC(C(O1)(C)C)(C)C)C2=CC=C(C=C2)C(=O)NC
A485,B1(OC(C(O1)(C)C)(C)C)C2=CC=C(C=C2)OCC(=O)OCC
A486,B(C1=CC(=C(C=C1)C(=O)OC)OC)(O)O
A487,B1(OC(C(O1)(C)C)(C)C)C2=CC=C(C=C2)C(=O)N3CCCC(C3)C(=O)OCC
A488,B(C1=CC=C(C=C1)C(=O)NC2CC2)(O)O
A489,B1(OC(C(O1)(C)C)(C)C)C2=CC(=C(C=C2)OC)O
A490,B1(OC(C(O1)(C)C)(C)C)C2=CN=C(C=C2)N3CCCC3
A491,B1(OC(C(O1)(C)C)(C)C)C2=CC=CC=C2CN3CCOCC3
A492,B1(OC(C(O1)(C)C)(C)C)C2=CC(=C(C=C2)O)[N+](=O)[O-]
A493,B1(OC(C(O1)(C)C)(C)C)C2=C(C=C(C=C2)N)C
A494,B(C1=CC=C(C=C1)CNC(=O)OC(C)(C)C)(O)O
A495,B1(OC(C(O1)(C)C)(C)C)C2=CC=CC=C2C(=O)OC(C)(C)C
A496,B1(OC(C(O1)(C)C)(C)C)C2=CN(N=C2)CC3OCCO3
A497,B1(OC(C(O1)(C)C)(C)C)C2=CC(=C(C=C2)C(=O)OC)O
A498,B1(OC(C(O1)(C)C)(C)C)C2=CC(=C(C=C2)NC(=O)OC(C)(C)C)OC
A499,B1(OC(C(O1)(C)C)(C)C)C2=CC(=CC=C2)C(=O)OC(C)(C)C
A500,B(C1=C(C=CC(=C1)C)C=O)(O)O
A501,B(C1=CC(=CC(=C1)[N+](=O)[O-])C(=O)OC)(O)O
A502,B1(OC(C(O1)(C)C)(C)C)C2=CN=C(C=C2)NC(=O)OC(C)(C)C
A503,B1(OC(C(O1)(C)C)(C)C)C2=CN=C(C=C2)NC(=O)OC
A504,B1(OC(C(O1)(C)C)(C)C)C2=CN(N=C2)C(=O)C
A505,B1(OC(C(O1)(C)C)(C)C)C2=CC(=C(C=C2)N)N
A506,B1(OC(C(O1)(C)C)(C)C)C2=CN=C(N=C2)NC(=O)OC(C)(C)C
A507,B1(OC(C(O1)(C)C)(C)C)C2=C(C=CC(=C2)[N+](=O)[O-])C
A508,B1(OC(C(O1)(C)C)(C)C)C2=CN=C(C=C2)N(C)C3CCCCC3
A509,B1(OC(C(O1)(C)C)(C)C)C2=CN=C(C=C2)N3CCN(CC3)C(=O)C
A510,B1(OC(C(O1)(C)C)(C)C)C2=CC=C(C=C2)CC#N
A511,B1(OC(C(O1)(C)C)(C)C)C2=CC(=CN=C2)C(=O)OC
A512,B1(OC(C(O1)(C)C)(C)C)C2=C(N=CC=C2)N
A513,B1(OC(C(O1)(C)C)(C)C)C2=CC(=CN=C2)N
A514,B1(OC(C(O1)(C)C)(C)C)C2=C(N(N=C2)C)C
A515,B(C1=CN=C(C=C1)NC(=O)C)(O)O
A516,B(C1=CC(=CC=C1)OCC#N)(O)O
A517,B(C1=CC=C(C=C1)OCC#N)(O)O
A518,B1(OC(C(O1)(C)C)(C)C)C2=C(N=CC=C2)N3CCOCC3
A519,B1(OC(C(O1)(C)C)(C)C)C2=C(N=CC=C2)N3CCNCC3
A520,B1(OC(C(O1)(C)C)(C)C)C2=C(N=CC=C2)N3CCCC3
A521,B1(OC(C(O1)(C)C)(C)C)C2=C(C=C(C=C2)C)NC(=O)OC(C)(C)C
A522,B1(OC(C(O1)(C)C)(C)C)C2=CC=C(C=C2)CC(=O)OCC
A523,B(C1=CC=C(C=C1)CC(=O)OCC)(O)O
A524,B1(OC(C(O1)(C)C)(C)C)C2=C(N=CC=C2)N3CCN(CC3)C(=O)OC(C)(C)C
A525,B1(OC(C(O1)(C)C)(C)C)C2=C(C(=CC=C2)N)C
A526,B1(OC(C(O1)(C)C)(C)C)C2=CC(=NC=C2)N3CCOCC3
A527,B1(OC(C(O1)(C)C)(C)C)C2=CC(=C(N=C2)N)N
A528,B1(OC(C(O1)(C)C)(C)C)C2=CN(N=C2C(F)(F)F)C
A529,B1(OC(C(O1)(C)C)(C)C)C2=C(NN=C2C(F)(F)F)C(F)(F)F
A530,B1(OC(C(O1)(C)C)(C)C)C2=C(C=C(C=C2)OC(F)(F)F)C
A531,B(C1=CC=C(C=C1)CC(=O)O)(O)O
A532,B1(OC(C(O1)(C)C)(C)C)C2=CN(N=C2)CC(OC)OC
A533,B(C1=CC=C(C=C1)N(C)C(=O)OC(C)(C)C)(O)O
A534,B1(OC(C(O1)(C)C)(C)C)C2=CC(=C(C=C2)O)N
A535,B1(OC(C(O1)(C)C)(C)C)C2=CN=C(C=C2)NCCCC
A536,B1(OC(C(O1)(C)C)(C)C)C2=CC=CC=C2CNC(=O)OC(C)(C)C
A537,B1(OC(C(O1)(C)C)(C)C)C2=CC(=CC=C2)CC#N
A538,B1(OC(C(O1)(C)C)(C)C)C2=C(C=CC(=C2)C(=O)OC)C
A539,B1(OC(C(O1)(C)C)(C)C)C2=CC(=CN=C2)S(=O)(=O)C
A540,B1(OC(C(O1)(C)C)(C)C)C2=CC(=NC=C2)N
A541,B1(OC(C(O1)(C)C)(C)C)C2=CC(=NC=C2)NC(=O)CC
A542,B1(OC(C(O1)(C)C)(C)C)C2=CN=C(N=C2)N3CCN(CC3)C(=O)OC(C)(C)C
A543,B1(OC(C(O1)(C)C)(C)C)C2=CN=C(N=C2)N3CCOCC3
A544,B1(OC(C(O1)(C)C)(C)C)C2=CN(N=C2)C3CCCCO3
A545,B1(OC(C(O1)(C)C)(C)C)C2=CC=C(C=C2)C(=O)NN
A546,B(C1=C(C=C(C=C1OC)C)OC)(O)O
A547,B(C1=CC=C(C=C1)C(C)N2CCCCC2)(O)O
A548,B(C1=CC(=CC=C1)C(C)N2CCCC2)(O)O
A549,B(C1=CN=C(C=C1)NC(=O)C(C)(C)C)(O)O
A550,B1(OCC(CO1)(C)C)C2=CC=NN2C(C)C
A551,B1(OCC(CO1)(C)C)C2=CC=NN2CC
A552,B1(OCC(CO1)(C)C)C2=CC=NN2CCC
A553,B1(OC(C(O1)(C)C)(C)C)C2=CC=CC=C2C(F)(F)F
A554,B1(OC(C(O1)(C)C)(C)C)C2=CC(=CC=C2)CN3CCN(CC3)C
A555,B(C1=CC=CC=C1O)(O)O
A556,B(C1=CC=C(C=C1)CC#N)(O)O
A557,B(C1=CC=C(C=C1)C2CCCCC2)(O)O
A558,B1(OCCCO1)C2=CC(=C(S2)C=O)C
A559,B(C1=C(C=CC=C1C(F)(F)F)C(F)(F)F)(O)O
A560,B(C1=CC(=CC=C1)/C=C/C(=O)O)(O)O
A561,B(C1=CC=CC=C1C=C)(O)O
A562,B(C1=CNC(=O)NC1=O)(O)O
A563,B(C1=CC=CC=C1C(C)C)(O)O
A564,B(C1=CC=C(C=C1)CCCCC)(O)O
A565,B(C1=CC=C(C=C1)S(=O)C)(O)O
A566,B1(OC(C(O1)(C)C)(C)C)C2=CC=C(C=C2)C
A567,B1(OC(C(O1)(C)C)(C)C)C2=CSC=C2
A568,B1(OC(C(O1)(C)C)(C)C)C2=CC=CC=C2SC
A569,B1(OC(C(O1)(C)C)(C)C)C2=CC=C(C=C2)C(=O)C
A570,B1(OC(C(O1)(C)C)(C)C)C2=CC=C(C=C2)OC
A571,B1(OC(C(O1)(C)C)(C)C)C2=CC=CC=C2[N+](=O)[O-]
A572,B1(OC(C(O1)(C)C)(C)C)C2=CC=CC=C2NC(=O)C(C)(C)C
A573,B(C1=CC(=CC=C1)C(C)C)(O)O
A574,B(C1=CC=C(C=C1)C(=O)N2CCCC2)(O)O
A575,B(C1=CC(=CC=C1)C(=O)NCC(C)C)(O)O
A576,B(C1=CC(=CS1)C)(O)O
A577,B1(OC(C(O1)(C)C)(C)C)C2=CC=C(C=C2)N(C)C(=O)OC(C)(C)C
A578,B(C1=CC(=CC=C1)S(=O)(=O)C)(O)O
A579,B1(OC(C(O1)(C)C)(C)C)C2=CC(=CC=C2)OC3CCCCO3
A580,B(C1=CC=C(C=C1)C(=O)NCCC#N)(O)O
A581,B(C1=CC(=CC=C1)C(=O)N2CCCC2)(O)O
A582,B(C1=CC=C(C=C1)C(=O)NCC(C)C)(O)O
A583,B1(OC(C(O1)(C)C)(C)C)C2=CN=C(C=C2)N(C)C
A584,B1(OC(C(O1)(C)C)(C)C)C2=CN=C(C=C2)C
A585,B1(OC(C(O1)(C)C)(C)C)C2=CC=C(C=C2)C(F)(F)F
A586,B(C1=CN(C=C1)[Si](C(C)C)(C(C)C)C(C)C)(O)O
A587,B(C1=C(C=CN=C1)C)(O)O
A588,B(C1=CC(=CC=C1)C(=O)NC2CCCC2)(O)O
A589,B1(OC(C(O1)(C)C)(C)C)C2=CC=C(C=C2)CC(C)C
A590,B(C1=CC(=CC=C1)NC(=O)CCC(=O)O)(O)O
A591,B1(OC(C(O1)(C)C)(C)C)C2=CC=CC=C2C
A592,B(C1=CC=C(C=C1)S(=O)(=O)CC)(O)O
A593,B(C1=CC=C(C=C1)SC(C)C)(O)O
A594,B(C1=CC(=CC=C1)C(=O)N(C)C)(O)O
A595,B1(OC(C(O1)(C)C)(C)C)C2=CC(=CC=C2)CC(=O)N
A596,B(C1=CC=C(C=C1)C(=O)NCCCOC)(O)O
A597,B1(OCC(CO1)(C)C)C2=CC(=CC=C2)C(=O)NC3CCCC3
A598,B(C1=CC=C(C=C1)C(=O)NOC)(O)O
A599,B(C1=CC(=CC=C1)C(=O)N(C(C)C)C(C)C)(O)O
A600,B(C1=CC(=CC=C1)C(=O)N2CCC(CC2)C)(O)O
A601,B(C1=CC(=CN=C1)OC)(O)O
A602,B(C1=CC(=NC=C1)C)(O)O
A603,B(C1=CC=C(C=C1)C(=O)NC(C)C)(O)O
A604,B(C1=C(C=CS1)C)(O)O
A605,B(C1=C(SC=C1)C(=O)O)(O)O
A606,B(C1=CC(=CC(=C1)NC(=O)OC(C)(C)C)C(=O)O)(O)O
A607,B1(OC(C(O1)(C)C)(C)C)C2=CC=C(C=C2)NC(=O)NC3CCCC3
A608,B(C1=CN=C(C=C1)OC(C)C)(O)O
A609,B(C1=CC=C(S1)C(=O)O)(O)O
A610,B(C1=CC=CC=C1SCC)(O)O
A611,B(C1=CC=C(C=C1)COC)(O)O
A612,B(C1=CC=C(C=C1)OCOC)(O)O
A613,B(C1=CC=C(C=C1)C(=O)NC(C)(C)C)(O)O
A614,B(C1=CSC(=C1)C=O)(O)O
A615,B(C1=CC(=CC=C1)C(=O)N2CCCCC2)(O)O
A616,B(C1=CC=CC=C1C(=O)O)(O)O
A617,B(C1=CC=C(C=C1)C(=O)NCCCC)(O)O
A618,B(C1=CC=C(C=C1)C(=O)NC2CCCCC2)(O)O
A619,B(C1=CC(=C(C=C1)C)N)(O)O
A620,B1(OC(C(O1)(C)C)(C)C)C2=CC=C(S2)CN3CCCC3
A621,B(C1=CC(=CC=C1)C(=O)N(C)OC)(O)O
A622,B1(OC(C(O1)(C)C)(C)C)C2=CC=C(C=C2)C(=O)N(C)C
A623,B(C1=CC=C(C=C1)C(=O)NCCC)(O)O
A624,B(C1=CC=C(C=C1)CCC(=O)O)(O)O
A625,B(C1=CC(=CC=C1)C(=O)NCCC)(O)O
A626,B(C1=CC=CC=C1S(=O)(=O)C)(O)O
A627,B(C1=CC=C(C=C1)N2CCOCC2)(O)O
A628,B(C1=CC(=CC=C1)NS(=O)(=O)N(C)C)(O)O
A629,B(C1=CC=CC=C1CN(C)C)(O)O
A630,B(C1=CC(=CC=C1)S(=O)(=O)N2CCOCC2)(O)O
A631,B(C1=CC=C(C=C1)CNS(=O)(=O)C)(O)O
A632,B(C1=CC=C(C=C1)C(=O)NCCOC)(O)O
A633,B(C1=CC(=CC=C1)S(=O)(=O)N2CCCC2)(O)O
A634,B(C1=CC(=CC=C1)C(=O)NC)(O)O
A635,B(C1=CC(=CC=C1)S(=O)C)(O)O
A636,B(C1=CN=C(N=C1)N(C)C)(O)O
A637,B(C1=CC=C(C=C1)C(C)CC)(O)O
A638,B(C1=CC=C(C=C1)C(=O)NC2=NCCS2)(O)O
A639,B(C1=CC=CC=C1/C=C/C#N)(O)O
A640,B(C1=CC(=CC=C1)C(=O)N2CCSCC2)(O)O
A641,B(C1=C(C=CC(=C1)S(=O)(=O)N(C)C)C)(O)O
A642,B1(OC(C(O1)(C)C)(C)C)C2=CC(=CN=C2)C(=O)OCC
A643,B(C1=CC(=CC=C1)C(=S)N)(O)O
A644,B(C1=CC(=CC=C1)CN2CCCCC2)(O)O
A645,B(C1=CN=C(N=C1)OCC)(O)O
A646,B1(OCC(CO1)(C)C)C2=C(C=CN=C2)C#N
A647,B(C1=CC=C(C=C1)S(=O)CC)(O)O
A648,B(C1=CC(=CC=C1)S(=O)(=O)N(CC)CC)(O)O
A649,B(C1=CSC(=C1)C(=O)OC)(O)O
A650,B(C1=CN=C(C=C1)C(=O)OC)(O)O
A651,B(C1=CC(=CC=C1)CNC(=O)C)(O)O
A652,B(C1=CC=C(C=C1)CNC(=O)C)(O)O
A653,B(C1=CC=C(C=C1)S(=O)(=O)NC2CCCCC2)(O)O
A654,B(C1=CC(=CC=C1)COC)(O)O
A655,B(C1=CC(=C(C=C1)OCC)C)(O)O
A656,B(C1=CC(=CC(=C1)OC)C(F)(F)F)(O)O
A657,B(C1=CC=NN1C)(O)O
A658,B(C1=CC(=C(C=C1)OC)OC2CCCC2)(O)O
A659,B1(OC(C(O1)(C)C)(C)C)C2=CC(=CC=C2)OCC(=O)OCC
A660,B(C1=CC=CC=C1COCC)(O)O
A661,B(C1=CC=C(C=C1)C(=O)NCCO)(O)O
A662,B(C1=CC(=CC=C1)C(=O)N(C)C2CCCCC2)(O)O
A663,B(C1=CC(=CC=C1)SCC2CC2)(O)O
A664,B(C1=CC(=C(C=C1)CO)C)(O)O
A665,B(C1=CC(=CC=C1)/C=C/[N+](=O)[O-])(O)O
A666,B(C1=CC(=CC=C1)C(=O)NCC=C)(O)O
A667,B(C1=CC(=CC=C1)C(=O)N(C)CC)(O)O
A668,B(C1=CC(=CC(=C1)OCC)C(F)(F)F)(O)O
A669,B(C1=CC=C(C=C1)C(=O)NCC=C)(O)O
A670,B(C1=CC=C(C=C1)C(=O)NCC)(O)O
A671,B(C1=CC=C(C=C1)C(=O)N2CCOCC2)(O)O
A672,B(C1=CC(=NN=C1OC)OC)(O)O
A673,B1(OCC(CO1)(C)C)C2=C(C=CC=C2OC)C#N
A674,B(C1=CC=CC=C1C(=O)N)(O)O
A675,B1(OC(C(O1)(C)C)(C)C)C2=CC=C(C=C2)S(=O)(=O)N
A676,B(C1=CC=C(C=C1)C(=O)NC)(O)O
A677,B(C1=CC=C(C=C1)C(=O)NC2CCCC2)(O)O
A678,B(C1=CC=CC=C1COC(C)(C)C)(O)O
A679,B(C1=CC(=CC=C1)C(=O)NC(C)(C)C)(O)O
A680,B(C1=CC=CC=C1COC)(O)O
A681,B(C1=CC(=C(C=C1)OC)C(F)(F)F)(O)O
A682,B(C1=CC=CC=C1CO)(O)O
A683,B(C1=C(C=C(C=C1)C(=O)OC)[N+](=O)[O-])(O)O
A684,B1(OC(C(O1)(C)C)(C)C)C2=CC=C(C=C2)NC(=O)N
A685,B(C1=CC=CC=C1S(=O)(=O)N(C)C)(O)O
A686,B(C1=CN=C(N=C1)SC)(O)O
A687,B1(OC(C(O1)(C)C)(C)C)C2=CC=C(C=C2)C(=O)NC3CC3
A688,B(C1=C(C(=CC=C1)OC)O)(O)O
A689,B1(OC(C(O1)(C)C)(C)C)C2=CN(C(=C2)C(=O)OC)C(=O)OC(C)(C)C
A690,B1(OC(C(O1)(C)C)(C)C)C2=CC(=CC=C2)OCC3OCCO3
A691,B(C1=CC(=CC=C1)C(=O)NCC)(O)O
A692,B(C1=CC(=CC=C1)C(=O)N2CCOCC2)(O)O
A693,B(C1=C(C=CC(=C1OC)OC)OC)(O)O
A694,B1(OC(C(O1)(C)C)(C)C)C2=CC=CC=C2S(=O)(=O)N(C)C
A695,B(C1=CC(=CN=C1)C(=O)NC(C)(C)C)(O)O
A696,B(C1=C(C(=CC=C1)C)O)(O)O
A697,B1(OC(C(O1)(C)C)(C)C)C2=CC=C(C=C2)C3(CC3)N
A698,B(C1=CN(N=C1)CC)(O)O
A699,B(C1=CC=C(C=C1)CCNC(=O)C)(O)O
A700,B(C1=CON=C1)(O)O
A701,B(C1=CC(=CC=C1)S(=O)(=O)N(C)C(C)(C)C)(O)O
A702,B(C1=CC(=NN1C)C)(O)O
A703,B(C1=CN=C(C=C1)N2CCOCC2)(O)O
A704,B(C1=CNC(=O)C=C1)(O)O
A705,B(C1=C(NN=C1)C)(O)O
A706,B(C1=CC=CC=C1OCC#N)(O)O
A707,B1(OC(C(O1)(C)C)(C)C)C2=CC=NN2
A708,B(C1=CC=C(C=C1)C(C)(C)C#N)(O)O
A709,B(C1=CC(=CC=C1)N2CCCC2)(O)O
A710,B1(OC(C(O1)(C)C)(C)C)C2=CN=C(N=C2)NC3CCCC3
A711,B(C1=CC=C(C=C1)C2(CC2)C#N)(O)O
A712,B1(OC(C(O1)(C)C)(C)C)C2=CC=C(C=C2)S(=O)(=O)N3CCCC3
A713,B1(OC(C(O1)(C)C)(C)C)C2=CC3=C(C=C2)NC(=O)C3
A714,B(C1=C(N(N=C1)C)C)(O)O
A715,B(C1=CC=C(C=C1)C2(CC2)CO)(O)O
A716,B(C1=CC=CC=C1CN(CC)CC)(O)O
A717,B1(OC(C(O1)(C)C)(C)C)C2=CC=C(C=C2)S(=O)(=O)C
A718,B(C1=CC(=CC(=C1)OCCCC)C=O)(O)O
A719,B(C1=C(C=CC(=C1)S(=O)(=O)C(F)(F)F)C)(O)O
A720,B(C1=CC(=CC=C1)S(=O)(=O)N)(O)O
A721,B(C1=CC=C(S1)C(=O)OC)(O)O
A722,B(C1=CC(=C(S1)C#N)C)(O)O
A723,B1(OC(C(O1)(C)C)(C)C)C2=CC=C(C=C2)C(=O)NCC3CCCO3
A724,B(C1=CC(=CC=C1)C(=O)NC(C)C)(O)O
A725,B1(OC(C(O1)(C)C)(C)C)C2=CN=C(N=C2)NC3CC3
A726,B1(OC(C(O1)(C)C)(C)C)C2=CC(=CC(=C2)C(F)(F)F)C(=O)OC
A727,B(C1=CC(=CC=C1)NS(=O)(=O)C)(O)O
A728,B(C1=NC=C(C=C1)C)(O)O
A729,B(C1=NC=CC(=C1)C)(O)O
A730,B1(OC(C(O1)(C)C)(C)C)C2=CC(=NC=C2)N3CCN(CC3)C
A731,B1(OC(C(O1)(C)C)(C)C)C2=CC(=CC=C2)C(=O)NC3CC3
A732,B(C1=C(N=C(C=C1)C)C)(O)O
A733,B1(OC(C(O1)(C)C)(C)C)C2=C(N=C(C=C2)OC)OC
A734,B1(OC(C(O1)(C)C)(C)C)C2=CC(=C(C=C2)OC)OC(=O)C
A735,B1(OC(C(O1)(C)C)(C)C)C2=CC(=CC=C2)C(=O)NCCO
A736,B1(OC(C(O1)(C)C)(C)C)C2=CC(=NC=C2)C
A737,B(C1=CC=C(C=C1)C#C)(O)O
A738,B(C1=CC(=CC=C1)C(=O)NC2CC2)(O)O
A739,B(C1=CC(=CC=C1)CNC(=O)OC(C)(C)C)(O)O
A740,B1(OC(C(O1)(C)C)(C)C)C2=CC=C(C=C2)NC
A741,B1(OC(C(O1)(C)C)(C)C)C2=CC(=CC=C2)OCC#N
A742,B1(OC(C(O1)(C)C)(C)C)C2=CC=C(C=C2)C(=O)NCCO
A743,B1(OC(C(O1)(C)C)(C)C)C2=CN=C(C=C2)C#N
A744,B(C1=CC=C(C=C1)S(=O)(=O)N2CCOCC2)(O)O
A745,B(C1=CC(=CC=C1)C(C)OC)(O)O
A746,B1(OC(C(O1)(C)C)(C)C)C2=CC=CC=C2N3CCN(CC3)C(=O)OC(C)(C)C
A747,B(C1=CC=C(C=C1)S(=O)(=O)NCCO[Si](C)(C)C(C)(C)C)(O)O
A748,B1(OC(C(O1)(C)C)(C)C)C2=CN=C(C=C2)OCCCN(C)C
A749,B(C1=CC(=CC=C1)S(=O)(=O)N(C)C)(O)O
A750,B(C1=CC(=NC=C1)OC)(O)O
A751,B1(OC(C(O1)(C)C)(C)C)C2=CC(=CC=C2)C(=O)NCCCN(C)C
A752,B1(OC(C(O1)(C)C)(C)C)C2=CC=C(C=C2)C(=O)NCCN(C)C
A753,B1(OC(C(O1)(C)C)(C)C)C2=CC=C(C=C2)C(=O)NCCCN(C)C
A754,B1(OC(C(O1)(C)C)(C)C)C2=CN=C(C=N2)C
A755,B1(OC(C(O1)(C)C)(C)C)C2=CC=CC=N2
A756,B(C1=CC(=CC=C1)OCC2CC2)(O)O
A757,B(C1=CC(=CC=C1)OCC(=O)OCC)(O)O
A758,B(C1=CC(=CC=C1)C(=O)NC2CCC(CC2)O)(O)O
A759,B(C1=C(N(N=C1C)C)C)(O)O
A760,B(C1=CC(=C(C=C1)OC(F)(F)F)C=O)(O)O
A761,B(C1=CC=CC=C1S(=O)(=O)NC)(O)O
A762,B1(OC(C(O1)(C)C)(C)C)C2=CC(=CS2)C#N
A763,B(C1=CC(=CN=C1)COC)(O)O
A764,B1(OC(C(O1)(C)C)(C)C)C2=CN=C(S2)C
A765,B1(OC(C(O1)(C)C)(C)C)C2=CC=C(C=C2)CC(=O)OC
A766,B(C1=CC(=CC=C1)CC#N)(O)O
A767,B(C1=CC=C(C=C1)OCCOC)(O)O
A768,B(C1=CC=C(C=C1)C(C)OC)(O)O
A769,B(C1=CC(=CC=C1)CCC(=O)O)(O)O
A770,B(C1=CC(=CC=C1)CCCO)(O)O
A771,B(C1=CC(=CC=C1)C(=O)N2CCC(=O)CC2)(O)O
A772,B1(OC(C(O1)(C)C)(C)C)C2=CC=C(C=C2)NC(=O)NC3CCCCC3
A773,B(C1=CC=C(S1)CC)(O)O
A774,B(C1=CC=C(C=C1)C2CC2)(O)O
A775,B(C1=CC(=CC=C1)N2CCCCC2)(O)O
A776,B1(OC(C(O1)(C)C)(C)C)C2=CN(C(=O)C=C2)C
A777,B(C1=CC=C(C=C1)CN(C)C)(O)O
A778,B(C1=CN=C(N=C1OC(C)(C)C)OC(C)(C)C)(O)O
A779,B(C1=CC(=CN=C1)C#N)(O)O
A780,B(C1=CN=C(C=C1)OCC(F)(F)F)(O)O
A781,B(C1=CC=CC=N1)(O)O
A782,B1(OC(C(O1)(C)C)(C)C)C2=CC(=NC=C2)C(=O)OC
A783,B(C1=CN(N=C1)CCC(C)C)(O)O
A784,B1(OC(C(O1)(C)C)(C)C)C2=CC(=CC=C2)N3CCN(CC3)C(=O)OC(C)(C)C
A785,B(C1=CC(=CC=C1)CN2CCOCC2)(O)O
A786,B(C1=CN=C(C=C1)N(C)C)(O)O
A787,B(C1=CC=C(C=C1)CCCO)(O)O
A788,B(C1=C(C=CC=N1)C)(O)O
A789,B(C1=CC(=CC(=C1)SC)C(F)(F)F)(O)O
A790,B(C1=CC=C(C=C1)S(=O)(=O)NC)(O)O
A791,B1(OC(C(O1)(C)C)(C)C)C2=CC(=CC=C2)N(C)C
A792,B(C1=CN=C(C=C1C)OC)(O)O
A793,B1(OC(C(O1)(C)C)(C)C)C2=CC=C(C=C2)S(=O)(=O)NC3CC3
A794,B(C1=CC=C(C=C1)C(=O)NC2CCC(CC2)O)(O)O
A795,B(C1=CC(=NC=C1)C(F)(F)F)(O)O
A796,B(C1=CC(=CC=C1)S(=O)(=O)NC2CCCCC2)(O)O
A797,B(C1=CC(=CC=C1)S(=O)(=O)N2CCCCC2)(O)O
A798,B1(OC(C(O1)(C)C)(C)C)C2=CC(=CC=C2)S(=O)(=O)N
A799,B(C1=CC(=CN=C1C)C)(O)O
A800,B1(OC(C(O1)(C)C)(C)C)C2=CC(=NC=C2)C#N
A801,B1(OC(C(O1)(C)C)(C)C)C2=CC(=NC=C2)C(F)(F)F
A802,B(C1=CN=C(C=C1)CO)(O)O
A803,B1(OC(C(O1)(C)C)(C)C)C2=CC(=CC=C2)N3CCOCC3
A804,B(C1=CC(=CC(=C1)C(C)(C)C)C)(O)O
A805,B(C1=NC=CC(=C1)C#N)(O)O
A806,B(C1=CC(=CN=C1)S(=O)(=O)C)(O)O
A807,B(C1=CC(=CC=C1)S(=O)CC)(O)O
A808,B(C1=CC=NN1C2CCCCO2)(O)O
A809,B(C1=CC=C(N1C)C#N)(O)O
A810,B1(OC(C(O1)(C)C)(C)C)C2=CC=C(N2)C(=O)OC
A811,B1(OC(C(O1)(C)C)(C)C)C2=NC=CC(=C2)C#N
A812,B(C1=CC(=CC=C1)CN2CCCC2)(O)O
A813,B1(OCC(CO1)(C)C)C2=CC=NN2C(=O)OC(C)(C)C
A814,B(C1=CC=C(C=C1)CN2CCOCC2)(O)O
A815,B(C1=CC=C(C=C1)CN2CCCC2)(O)O
A816,B(C1=CC=C(C=C1)CN2CCCCC2)(O)O
A817,B(C1=CC=CC=C1CN2CCCC2)(O)O
A818,B1(OC(C(O1)(C)C)(C)C)C2=C(C=NC=C2C)C
A819,B(C1=CC=C(C=C1)C(C)C)(O)O
A820,B(C1=CC(=CC=C1)C(=O)N(CC)CC)(O)O
A821,B(C1=CC=C(C=C1)C(=O)N(CC)CC)(O)O
A822,B(C1=CC2=C(C=C1)OCC2)(O)O
A823,B(C1=CC(=C(C=C1)C)C)(O)O
A824,B(C1=CC=C(S1)C#N)(O)O
A825,B1(OC(C(O1)(C)C)(C)C)C2=CC=C(C=C2)OCOC
A826,B(C1=CN=CN=C1)(O)O
A827,B(C1=CC2=C(C=C1)OCCCO2)(O)O
A828,B(C1=CC=NN1)(O)O
A829,B(C1=CC=CC=C1CN2CCOCC2)(O)O
A830,B(C1=CC=C(C=C1)C(=O)NCCN2CCOCC2)(O)O
A831,B(C1=NC=CN1)(O)O
A832,B(C1=CC(=CC=C1)C(=O)OC(C)C)(O)O
A833,B1(OC(C(O1)(C)C)(C)C)C2=CC3=C(N=C2)N(CCO3)C
A834,B1(OC(C(O1)(C)C)(C)C)C2=C(N=C(S2)C)C
A835,B1(OC(C(O1)(C)C)(C)C)C2=CC(=CC(=C2)N)C(=O)OC
A836,B(C1=C(C=NC=C1)C#N)(O)O
A837,B(C1=CN(N=C1)C)(O)O
A838,B(C1=CC(=CC(=C1)NC(=O)C)C(=O)O)(O)O
A839,B(C1=CC(=CC=C1)CNS(=O)(=O)C)(O)O
A840,B1(OC(C(O1)(C)C)(C)C)C2=CC(=CC=C2)COC
A841,B1(OC(C(O1)(C)C)(C)C)C2=CC=C(C=C2)NC(=O)N3CCOCC3
A842,B1(OC(C(O1)(C)C)(C)C)C2=CC(=CN=C2)NC(=O)C
A843,B1(OC(C(O1)(C)C)(C)C)C2=CC(=NC=C2)NC3CCCC3
A844,B1(OC(C(O1)(C)C)(C)C)C2=CN(C=C2)C
A845,B1(OC(C(O1)(C)C)(C)C)C2=CC(=CN=C2)C(=O)NC3CC3
A846,B1(OC(C(O1)(C)C)(C)C)C2=CC(=CN=C2)C(=O)NC
A847,B1(OC(C(O1)(C)C)(C)C)C2=CC(=CN=C2)OCC
A848,B1(OC(C(O1)(C)C)(C)C)C2=CC(=CN=C2)C(=O)NC3CCCC3
A849,B1(OC(C(O1)(C)C)(C)C)C2=CC(=CN=C2)NC3CCCC3
A850,B(C1=C(C=CC(=C1)C#N)OC)(O)O
A851,B1(OC(C(O1)(C)C)(C)C)C2=CC=C(O2)C#N
A852,B(C1=CC(=CC=C1)N2CCOCC2)(O)O
A853,B1(OC(C(O1)(C)C)(C)C)C2=CC=CO2
A854,B1(OC(C(O1)(C)C)(C)C)C2=CN=NC=C2
A855,B(C1=CC=C(C=C1)OCCN2CCOCC2)(O)O
A856,B(C1=CC=CC=C1N2CCOCC2)(O)O
A857,B(C1=CC=CC=C1S(=O)(=O)CC)(O)O
A858,B(C1=CC=C(C=C1)C2CC(=O)NN2)(O)O
A859,B(C1=CN=C(N=C1)C2CC2)(O)O
A860,B(C1=C(C(=CC=C1)OC)C#N)(O)O
A861,B1(OC(C(O1)(C)C)(C)C)C2=CN=C(C=C2)N3CCN(CC3)C
A862,B(C1=CC(=CC=C1)CC(=O)O)(O)O
A863,B1(OCC(CO1)(C)C)C2=CC(=C(C=C2)OC)C#N
A864,B1(OCC(CO1)(C)C)C2=CC3=C(C=C2)OCOC3
A865,B1(OC(C(O1)(C)C)(C)C)C2=CC(=CN=C2)C#N
A866,B1(OC(C(O1)(C)C)(C)C)C2=CC(=CC=C2)CN(C)C
A867,B(C1=CC2=C(C=C1)OC(O2)(F)F)(O)O
A868,B(C1=CC(=C(C=C1)OC)O)(O)O
A869,B(C1=CC(=C(C=C1)C#N)OCC)(O)O
A870,B1(OC(C(O1)(C)C)(C)C)C2=NC=C(C=C2)C#N
A871,B1(OC(C(O1)(C)C)(C)C)C2=CC=C(C=C2)OCCS(=O)(=O)C
A872,B1(OC(C(O1)(C)C)(C)C)C2=CSC(=N2)N3CCCC3
A873,B1(OC(C(O1)(C)C)(C)C)C2=CSC(=N2)N3CCOCC3
A874,B(C1=C(N=C(C=C1)OC)C)(O)O
A875,B(C1=CC=CC=C1C(=O)N2CCOCC2)(O)O
A876,B(C1=CC(=CC=C1)OCC(F)(F)F)(O)O
A877,B1(OC(C(O1)(C)C)(C)C)C2=CC(=C(C=C2)C)C#N
A878,B(C1=C(C=C(C=C1)S(=O)(=O)N(C)C)C)(O)O
A879,B(C1=CC(=C(N=C1)OCC)C)(O)O
A880,B(C1=CC(=C(C=C1)OCC)C(F)(F)F)(O)O
A881,B(C1=CC(=C(N=C1)OC)C)(O)O
A882,B1(OC(C(O1)(C)C)(C)C)C2=CC(=CC=C2)N3CCCCC3
A883,B1(OC(C(O1)(C)C)(C)C)C2=CC(=C(C=C2)N)OC(F)(F)F
A884,B(C1=CN=CN=C1C(C)C)(O)O
A885,B(C1=CC=CC=C1C(=O)N(C)C)(O)O
A886,B(C1=C(C=CC(=C1)C(C)(C)C)OCC)(O)O
A887,B1(OC(C(O1)(C)C)(C)C)C2=C(N(C(=C2)C)C)C#N
A888,B1(OC(C(O1)(C)C)(C)C)C2=NN(C=C2)CC
A889,B(C1=C(C=CC(=C1)CSC)OC)(O)O
A890,B1(OC(C(O1)(C)C)(C)C)C2=NC(=CC=C2)C(F)(F)F
A891,B1(OC(C(O1)(C)C)(C)C)C2=CC=C(C=C2)N3CCCC3
A892,B(C1=CC=C(O1)C)(O)O
A893,B(C1=CC(=CC=C1)COC(C)(C)C)(O)O
A894,B(C1=CN=C(C=C1)OCC2CC2)(O)O
A895,B(C1=CC(=CC=C1)C(C)(C)C)(O)O
A896,B1(OC(C(O1)(C)C)(C)C)C2=CC(=CC=C2)C#C
A897,B(C1=C(C=C(C=C1)O)C)(O)O
A898,B1(OC(C(O1)(C)C)(C)C)C2=CC(=CC=C2)C(=O)NCC3CCCO3
A899,B1(OC(C(O1)(C)C)(C)C)C2=CC(=CC(=C2)OC)C(F)(F)F
A900,B(C1=CC=C(C=C1)C(C)N2CCCC2)(O)O
A901,B(C1=CC(=C(C=C1)C)OC)(O)O
A902,B(C1=CC=C(C=C1)COCC)(O)O
A903,B(C1=CC(=C(C=C1)C)C#N)(O)O
A904,B(C1=CC=C(C=C1)COC(C)(C)C)(O)O
A905,B(C1=CC=C(C=C1)C(C)N2CCOCC2)(O)O
A906,B(C1=CN=C(N=C1)N2CCCC2)(O)O
A907,B(C1=CC(=C(C=C1)OC(C)C)C)(O)O
A908,B(C1=CC=C(C=C1)S(=O)(=O)C(C)C)(O)O
A909,B(C1=C(C=C(C=C1)OC)CO)(O)O
A910,B(C1=CC(=CN=C1)C)(O)O
A911,B(C1=CN=C(C=C1)N2CCCC2)(O)O
A912,B(C1=CC(=C(C=C1C(=O)OC)OC)OC)(O)O
A913,B1(OC(C(O1)(C)C)(C)C)C2=CN=C(N=C2)C#N
A914,B(C1=C(C=C(C=C1)C(F)(F)F)OCC)(O)O
A915,B(C1=C(N=CC=C1)C(F)(F)F)(O)O
A916,B(C1=CC=C(C=C1)C(F)F)(O)O
A917,B(C1=CC(=C(C=C1)OC(F)(F)F)C)(O)O
A918,B(C1=CC(=CC(=C1)OC(F)(F)F)O)(O)O
A919,B(C1=CC=C(C=C1)NS(=O)(=O)CC)(O)O
A920,B(C1=CN=C(C=C1)N2CCCCC2)(O)O
A921,B(C1=CC(=C(C=C1)C#N)OC(C)C)(O)O
A922,B(C1=CN=C(N=C1)N2CCOCC2)(O)O
A923,B(C1=CN=C(N=C1)N2CCCCC2)(O)O
A924,B(C1=CC=C(C=C1)N2CCN(CC2)C)(O)O
A925,B(C1=CN=C(N=C1)N2CCN(CC2)C)(O)O
A926,B1(OC(C(O1)(C)C)(C)C)C2=C(C=C(C=C2)OC)OCC#N
A927,B1(OC(C(O1)(C)C)(C)C)C2=CC(=C(C(=C2)C)OCC#N)C
A928,B1(OC(C(O1)(C)C)(C)C)C2=CC(=C(C=C2)OC)NC(=O)C
A929,B1(OC(C(O1)(C)C)(C)C)C2=CC(=C(C=C2)OC)NS(=O)(=O)C
A930,B1(OC(C(O1)(C)C)(C)C)C2=C(C=C(C=C2)OC(F)(F)F)NC(=O)C
A931,B(C1=C(C=CN=C1)C(F)(F)F)(O)O
A932,B(C1=CN(C(=O)N(C1=O)C)C)(O)O
A933,B(C1=C(C=CC(=C1)C(C)(C)C)OC)(O)O
A934,B1(OC(C(O1)(C)C)(C)C)C2=CC=C(C=C2)S(=O)(=O)NC
A935,B1(OC(C(O1)(C)C)(C)C)C2=NC(=CC=C2)OC
A936,B(C1=CC=CC=C1OC2CCCCO2)(O)O
A937,B(C1=C(C=CC(=C1)C(F)(F)F)OCC)(O)O
A938,B(C1=C(C=CC(=C1)C(F)(F)F)OC(C)C)(O)O
A939,B(C1=C(N=CC=C1)OCC(C)C)(O)O
A940,B1(OC(C(O1)(C)C)(C)C)C2=C(N=CC=C2)OCCC
A941,B1(OC(C(O1)(C)C)(C)C)C2=C(N=CC=C2)OC3CCCCC3
A942,B1(OC(C(O1)(C)C)(C)C)C2=C(N=CC=C2)OCC(F)(F)F
A943,B1(OC(C(O1)(C)C)(C)C)C2=NC=C(C=C2)OC
A944,B(C1=NC=C(C=C1)OC)(O)O
A945,B1(OC(C(O1)(C)C)(C)C)C2=CC=CC=C2OCCCl
A946,B(C1=C(C=CC(=C1)C=O)OCC)(O)O
A947,B(C1=C(C=CC(=C1)C(=O)OC)OC)(O)O
A948,B(C1=C(C=CC(=C1)C(=O)OCC)OC)(O)O
A949,B(C1=CSC(=N1)C)(O)O
A950,B(C1=CC=CC=C1OCOC)(O)O
A951,B(C1=CN=C(N=C1)C(F)(F)F)(O)O
A952,B1(OC(C(O1)(C)C)(C)C)C2=NC=CC(=C2)OC
A953,B1(OC(C(O1)(C)C)(C)C)C2=C(C=CC(=C2)C#N)OC
A954,B(C1=C(C=CC(=C1)C(=O)O)OCC)(O)O
A955,B(C1=C(C=CC(=C1)C#N)OC(F)(F)F)(O)O
A956,B(C1=CC=CC=C1OC2CCCCC2)(O)O
A957,B(C1=C(C=CC(=C1)C)OC2CCCC2)(O)O
A958,B(C1=CC=CC=C1OC2CCCC2)(O)O
A959,B(C1=CC=CC=C1OCCOC)(O)O
A960,B1(OC(C(O1)(C)C)(C)C)C2=CN=CN2C
A961,B(C1=C(C=CC(=C1)C(F)(F)F)OCOC)(O)O
A962,B1(OC(C(O1)(C)C)(C)C)C2=CN=C(C=C2)C(=O)N
A963,B1(OC(C(O1)(C)C)(C)C)C2=C(C=CC(=C2)CN(C)C(C)C)OC
A964,B1(OC(C(O1)(C)C)(C)C)C2=CN=C(N=C2)C3CC3
A965,B(C1=CC=CC=C1OCCOCC)(O)O
A966,B1(OC(C(O1)(C)C)(C)C)C2=CC3=C(C=C2)NC(=O)CO3
A967,B(C1=CC=CC=C1OCCCOC)(O)O
A968,B1(OC(C(O1)(C)C)(C)C)C2=CC(=CN=C2)NC(=O)CC
A969,B(C1=C(C=CC(=C1)C(F)(F)F)OCCC)(O)O
A970,B(C1=C(C=CC(=C1)C(F)(F)F)OCCCC)(O)O
A971,B(C1=C(C=CC(=C1)C(F)(F)F)OCC(C)C)(O)O
A972,B1(OC(C(O1)(C)C)(C)C)C2=CC=C(C=C2)NS(=O)(=O)CC
A973,B1(OC(C(O1)(C)C)(C)C)C2=CN(C=C2)S(=O)(=O)N(C)C
A974,B(C1=CC=C(C=C1)C(OC(=O)C)OC(=O)C)(O)O
A975,B1(OC(C(O1)(C)C)(C)C)C2=CC=CC=C2OC(F)F
A976,B1(OC(C(O1)(C)C)(C)C)C2=CC(=C(N=C2)N3CCOCC3)C#N
A977,B1(OC(C(O1)(C)C)(C)C)C2=CN(N=C2)C(F)F
A978,B(C1=C(C=CC(=C1)C#N)OCOC)(O)O
A979,B(C1=C(C=CC(=C1)C)OCOC)(O)O
A980,B1(OC(C(O1)(C)C)(C)C)C2=CN(N=C2)S(=O)(=O)C
A981,B1(OC(C(O1)(C)C)(C)C)C2=CC=CC=C2C(=O)N
A982,B(C1=CC=CC=C1CN2CCC(=O)CC2)(O)O
A983,B(C1=CC=CC=C1OCCCl)(O)O
A984,B1(OC(C(O1)(C)C)(C)C)C2=CN=C(C=C2)S(=O)(=O)CC
A985,B(C1=C(N=CC=C1)OCCCC)(O)O
A986,B(C1=CC(=C(C=C1)S(=O)(=O)C)OC)(O)O
A987,B(C1=C(N=CC=C1)OC2CCCCC2)(O)O
A988,B(C1=C(C=CC(=C1)C=O)OCCOCC)(O)O
A989,B(C1=C(C=CC(=C1)C=O)OCCCOC)(O)O
A990,B(C1=C(C=CC(=C1)C=O)OCCN2CCOCC2)(O)O
A991,B(C1=CC(=O)N(C=C1)C)(O)O
A992,B(C1=C(C=CC(=C1)C#N)OCCC)(O)O
A993,B(C1=CC=NN1S(=O)(=O)N(C)C)(O)O
A994,B(C1=CC(=NN1S(=O)(=O)N(C)C)C(F)(F)F)(O)O
A995,B1(OC(C(O1)(C)C)(C)C)C2=CC3=C(C=C2)OCC(=O)N3
A996,B(C1=CC=CN(C1=O)C)(O)O
A997,B1(OC(C(O1)(C)C)(C)C)C2=CN(N=C2C)CC
A998,B1(OC(C(O1)(C)C)(C)C)C2=NN(C(=C2)C)C
A999,B(C1=CC=CC=C1N)(O)O
A1000,B(C1=CC(=C(C=C1)C)O)(O)O
A1001,B(C1=CC=CC=C1C(=O)N(CC)CC)(O)O
A1002,B(C1=CC=CC=C1N(C)C)(O)O
A1003,B(C1=CC=C(C=C1)CC(C)C)(O)O
A1004,B1(OCCO1)C2=CC(=CC=C2)C(C)C
A1005,B(C1=NC(=CC=C1)OC)(O)O
A1006,B(C1=C(C=C(C=C1)C(F)(F)F)O)(O)O
A1007,B(C1=CC=CC=C1N2CCCCC2)(O)O
A1008,B(C1=CC(=CC=C1)CCO)(O)O
A1009,B(C1=CC=C(C=C1)CCO)(O)O
A1010,B(C1=CC(=CC(=C1)N)C#N)(O)O
A1011,B(C1=CC=CC=C1S(=O)C)(O)O
A1012,B(C1=CC=CC=C1S(=O)CC)(O)O
A1013,B(C1=C(C=C(C=C1)O)C(F)(F)F)(O)O
A1014,B(C1=CC=C(O1)CO)(O)O
A1015,B(C1=CC=NN1CC)(O)O
A1016,B1(OC(C(O1)(C)C)(C)C)C2=CC=C(C=C2)S(=O)(=O)N(C)C
A1017,B(C1=C(C=C(C=C1)C(F)(F)F)OC)(O)O
A1018,B(C1=C(C=C(C=C1C)OC)C)(O)O
A1019,B(C1=CC=C(O1)C(=O)O)(O)O
A1020,B(C1=CC(=CC(=C1)C(F)(F)F)C)(O)O
A1021,B(C1=CC=CC(=O)N1)(O)O
A1022,B(C1=C(N=CC=C1)C#N)(O)O
A1023,B1(OC(C(O1)(C)C)(C)C)C2=CN=C(C=C2)C(=O)NC
A1024,B(C1=CC=C(C=C1)OC2CCCC2)(O)O
A1025,B(C1=CC(=CC=C1)S(=O)(=O)NC(C)(C)C)(O)O
A1026,B(C1=CC=C(C=C1)S(=O)(=O)N2CCCC2)(O)O
A1027,B(C1=CC=C(C=C1)S(=O)(=O)N(C)C)(O)O
A1028,B(C1=CC=C(C=C1)NC(C)C)(O)O
A1029,B(C1=CC=C(O1)C(=O)C)(O)O
A1030,B(C1=CC=C(C=C1)C(=O)C2CC2)(O)O
A1031,B(C1=CC(=C(C=C1C)OC)C)(O)O
A1032,B(C1=C(C=NC=C1)OC)(O)O
A1033,B(C1=C2C(=CC=C1)CCO2)(O)O
A1034,B(C1=C(C(=CC=C1)C)OC)(O)O
A1035,B(C1=CC=C(C=C1)S(=O)(=O)NCCO)(O)O
A1036,B(C1=CC=C(C=C1)S(=O)(=O)NCC)(O)O
A1037,B(C1=CC=C(C=C1)S(=O)(=O)NC2CC2)(O)O
A1038,B(C1=C(C=CC(=C1)S(=O)(=O)N2CCOCC2)C)(O)O
A1039,B1(OC(C(O1)(C)C)(C)C)C2=CC(=CC=C2)S(=O)(=O)N(C)C
A1040,B1(OC(C(O1)(C)C)(C)C)C2=CN=C(N=C2)N3CCCCC3
A1041,B1(OC(C(O1)(C)C)(C)C)C2=NC=C(C=C2)C
A1042,B(C1=C(N=CC=C1)OCC(F)(F)F)(O)O
A1043,B(C1=C(N=C(C=C1)C)OCC)(O)O
A1044,B(C1=CN=C(C=C1C)OCC)(O)O
A1045,B(C1=C(C=CN=C1OCC)C)(O)O
A1046,B(C1=CN=C(N=C1)OCC(F)(F)F)(O)O
A1047,B(C1=CN=C(N=C1)C)(O)O
A1048,B(C1=CC(=CN=C1OC)C)(O)O
A1049,B(C1=C(C(=CC=C1)C(F)(F)F)OC)(O)O
A1050,B1(OC(C(O1)(C)C)(C)C)C2=CN=C(N=C2)N3CCCC3
A1051,B(C1=CC(=CC=C1)S(=O)(=O)NCC)(O)O
A1052,B(C1=CC(=CC=C1)S(=O)(=O)NC(C)C)(O)O
A1053,B(C1=CC(=CC=C1)S(=O)(=O)NCCCC)(O)O
A1054,B(C1=C(C=CC(=C1)S(=O)(=O)N(CC)CC)C)(O)O
A1055,B(C1=C(C=CC(=C1)S(=O)(=O)N2CCCCC2)C)(O)O
A1056,B(C1=CC(=C(C=C1)OC)S(=O)(=O)N2CCOCC2)(O)O
A1057,B(C1=CC=C(C=C1)C(=O)N(C)CC)(O)O
A1058,B(C1=NC=C(C=C1)C#N)(O)O
A1059,B(C1=CC(=CC=C1)NCC)(O)O
A1060,B(C1=C2C(=CC=C1)OC(O2)(F)F)(O)O
A1061,B(C1=CC(=C(C=C1)OC)S(=O)(=O)N2CCCC2)(O)O
A1062,B(C1=CC(=CC=C1)NC(=O)C(C)C)(O)O
A1063,B(C1=CC=C(C=C1)C(=O)NCC(F)(F)F)(O)O
A1064,B(C1=CNC(=O)N=C1)(O)O
A1065,B(C1=CC=C(C=C1)S(=O)(=O)NC(=O)C)(O)O
A1066,B1(OC(C(O1)(C)C)(C)C)C2=CSC=C2C#N
A1067,B1(OC(C(O1)(C)C)(C)C)C2=C(N=CC=C2)C
A1068,B(C1=CC(=CN=C1)SC)(O)O
A1069,B1(OCC(CO1)(C)C)C2=C(C(=CC=C2)C(F)(F)F)C#N
A1070,B(C1=CC=CC=C1CC(=O)O)(O)O
A1071,B(C1=CC=C(C=C1)C(C)(C)O)(O)O
A1072,B(C1=CC(=CC=C1)C(C)(C)O)(O)O
A1073,B1(OC(C(O1)(C)C)(C)C)C2=CC(=CC=C2)S(=O)(=O)N3CCSCC3
A1074,B(C1=CC=C(C=C1)S(=O)(=O)O)(O)O
A1075,B(C1=CC=CC=C1OCC(F)(F)F)(O)O
A1076,B1(OC(C(O1)(C)C)(C)C)C2=C(C=NC=C2)C#N
A1077,B(C1=CC(=C(C=C1)C(=O)O)C)(O)O
A1078,B(C1=CC=C(C=C1)C2(CC2)C(=O)O)(O)O
A1079,B(C1=CC(=CC=C1)NC(=O)C(=C)C)(O)O
A1080,B(C1=NC(=CC=C1)OCC)(O)O
A1081,B(C1=NC(=CC=C1)OC(C)C)(O)O
A1082,B(C1=CC=C(C=C1)N2CCNCC2)(O)O
A1083,B(C1=CC(=CC=C1)C(F)F)(O)O
A1084,B(C1=CC(=CC(=C1)O)C(F)(F)F)(O)O
A1085,B(C1=NC(=CC=C1)N2CCN(CC2)C)(O)O
A1086,B(C1=CN=C(C=C1)N)(O)O
A1087,B(C1=CC(=CN=C1)CO)(O)O
A1088,B1(OC(C(O1)(C)C)(C)C)C2=CN=C(N=C2)C
A1089,B(C1=CC(=CC(=C1)N)C(=O)N)(O)O
A1090,B(C1=C(SC=C1)S(=O)(=O)NC(C)(C)C)(O)O
A1091,B1(OC(C(O1)(C)C)(C)C)C2=CN(N=C2)C(C)(C)CO
A1092,B1(OC(C(O1)(C)C)(C)C)C2=CC=C(C=C2)C3(CC3)N4CCOCC4
A1093,B1(OC(C(O1)(C)C)(C)C)C2=CC=NN2C3COC3
A1094,B1(OC(C(O1)(C)C)(C)C)C2=CC(=NC=C2)C(C)(C)C#N
A1095,B1(OC(C(O1)(C)C)(C)C)C2=CN(N=C2C(C)C)C
A1096,B(C1=CC(=CN=C1OC)C(F)(F)F)(O)O
A1097,B(C1=C(C(=NC=C1)OC)OC)(O)O
A1098,B(C1=C(C=CN=C1)C(=O)O)(O)O
A1099,B(C1=CC=C(C=C1)N2CCN(CC2)C(=O)OC(C)(C)C)(O)O
A1100,B(C1=CC=CC=C1C#C)(O)O
A1101,B(C1=C(C=CC(=C1)C#N)O)(O)O
A1102,B(C1=CC(=CC=C1)NS(=O)(=O)CC)(O)O
A1103,B(C1=CC(=CC=C1)NS(=O)(=O)C2CC2)(O)O
A1104,B(C1=CC=C(C=C1)NS(=O)(=O)C2CC2)(O)O
A1105,B(C1=CN=CN=C1C2CCCC2)(O)O
A1106,B(C1=C(C=C(C=C1)S(=O)(=O)C)C(F)(F)F)(O)O
A1107,B1(OC(C(O1)(C)C)(C)C)C2=CC3=C(C=C2)C(=O)NC3
A1108,B(C1=CC(=CC=C1)OCOC)(O)O
A1109,B(C1=CC(=NC(=C1)C)C)(O)O
A1110,B(C1=CC(=C(C=C1)C)C(F)(F)F)(O)O
A1111,B(C1=C(C=CC(=C1)NC(=O)C)C)(O)O
A1112,B(C1=CC=NN1C(C)C)(O)O
A1113,B(C1=CC(=CC=C1)C2CC2)(O)O
A1114,B(C1=CC=C(C=C1)CCOC)(O)O
A1115,B(C1=CC(=O)C=CN1)(O)O
A1116,B(C1=NC=CC(=C1)C(=O)OC)(O)O
A1117,B(C1=CC(=NC=C1)OC(C)(C)C)(O)O
A1118,B(C1=CC(=O)NC=C1)(O)O
A1119,B(C1=CC(=NC=C1)C(C)C)(O)O
A1120,B(C1=NC(=CC=C1)C2CCCC2)(O)O
A1121,B(C1=CN(N=C1)CCC)(O)O
A1122,B1(OC(C(O1)(C)C)(C)C)C2=CC(=C(N=C2)OC)C#N
A1123,B(C1=CC(=CC=C1)S(=O)(=O)C2CC2)(O)O
A1124,B1(OC(C(O1)(C)C)(C)C)C2=C3CNC(=O)C3=CC=C2
A1125,B(C1=CC(=C(C=C1)C(F)(F)F)C(F)(F)F)(O)O
A1126,B(C1=CC2=C(C=C1)OC(C2)C)(O)O
A1127,B(C1=C(C=CN=C1)OCC)(O)O
A1128,B1(OC(C(O1)(C)C)(C)C)C2=CC3=C(CNC3=O)C=C2
A1129,B(C1=CC(=C(C=C1)C(=O)O)C(F)(F)F)(O)O
A1130,B1(OC(C(O1)(C)C)(C)C)C2=CC(=NC=C2)C(=O)NC
A1131,B1(OC(C(O1)(C)C)(C)C)C2=CN=C(N=C2)NC
A1132,B(C1=CN=C(C=C1)NC)(O)O
A1133,B(C1=C(C=CC(=C1)C(F)(F)F)C(=O)OC)(O)O
A1134,B1(OC(C(O1)(C)C)(C)C)C2=CC(=C(N=C2)C#N)C
A1135,B1(OC(C(O1)(C)C)(C)C)C2=C(C=NN2C)C
A1136,B(C1=CC=NN1CC(C)C)(O)O
A1137,B(C1=CC(=CC(=C1)OC)C(=O)O)(O)O
A1138,B1(OC(C(O1)(C)C)(C)C)C2=CN=C(N=C2)NC(=O)C
A1139,B1(OC(C(O1)(C)C)(C)C)C2=CN=C(N=C2)NC(C)(C)C
A1140,B1(OC(C(O1)(C)C)(C)C)C2=CN=C(N=C2)NCC
A1141,B1(OC(C(O1)(C)C)(C)C)C2=CN=C(N=C2)N(CC)CC
A1142,B1(OC(C(O1)(C)C)(C)C)C2=CN=C(N=C2)NC(C)C
A1143,B1(OC(C(O1)(C)C)(C)C)C2=CN=C(N=C2)NCCC
A1144,B1(OC(C(O1)(C)C)(C)C)C2=CN=C(N=C2)NCCCC
A1145,B1(OC(C(O1)(C)C)(C)C)C2=CN=C(N=C2)NCCOC
A1146,B1(OC(C(O1)(C)C)(C)C)C2=CN=C(N=C2)NCCCOC
A1147,B1(OC(C(O1)(C)C)(C)C)C2=CN=C(N=C2)NCC(F)(F)F
A1148,B1(OC(C(O1)(C)C)(C)C)C2=CN=C(N=C2)NCCO
A1149,B1(OC(C(O1)(C)C)(C)C)C2=CN=C(N=C2)NCC(=O)OCC
A1150,B1(OC(C(O1)(C)C)(C)C)C2=CN=C(N=C2)NC3CCCCC3
A1151,B1(OC(C(O1)(C)C)(C)C)C2=CN=C(N=C2)NS(=O)(=O)C
A1152,B(C1=CC=C(C=C1)S(=O)C2CC2)(O)O
A1153,B(C1=CC=C(C=C1)S(=O)(=O)C2CC2)(O)O
A1154,B(C1=CC=C(C=C1)C2(CC2)C(=O)OC)(O)O
A1155,B1(OC(C(O1)(C)C)(C)C)C2=CC=C(C=C2)C3(CC3)NC(=O)C
A1156,B(C1=CC(=CC=C1)C(=O)NCC2CCCO2)(O)O
A1157,B(C1=CC2=C(C=C1)OCCC2)(O)O
A1158,B(C1=CC(=C(C=C1)C)C(=O)O)(O)O
A1159,B(C1=CC(=C(N=C1)OC(C)C)C)(O)O
A1160,B1(OC(C(O1)(C)C)(C)C)C2=CC(=CN=C2)N3CCCC3
A1161,B1(OC(C(O1)(C)C)(C)C)C2=CC(=CN=C2)C3CC3
A1162,B1(OC(C(O1)(C)C)(C)C)C2=CN=C(N=C2)OC
A1163,B1(OC(C(O1)(C)C)(C)C)C2=CC(=CN=C2)OC(C)C
A1164,B1(OC(C(O1)(C)C)(C)C)C2=CC=C(C=C2)N3CCN(CC3)CC
A1165,B(C1=CN=C(C=C1)SCC)(O)O
A1166,B(C1=C(C=C(C=C1)S(=O)(=O)NC)C)(O)O
A1167,B(C1=C(C=C(C=C1)S(=O)(=O)N2CCCC2)C)(O)O
A1168,B(C1=C(C=C(C=C1)C(F)(F)F)C(=O)N)(O)O
A1169,B(C1=C(C=C(C=C1)C(F)(F)F)C#N)(O)O
A1170,B1(OC(C(O1)(C)C)(C)C)C2=C(N(C(=C2)C#N)C)C
A1171,B(C1=CN(N=C1C(F)(F)F)C)(O)O
A1172,B1(OC(C(O1)(C)C)(C)C)C2=CC(=CC=C2)S(=O)(=O)C
A1173,B(C1=CC=C(N1)C(=O)OC)(O)O
A1174,B(C1=CC(=CN=C1)N2CCCC2)(O)O
A1175,B(C1=CC(=CC=C1)CCC#N)(O)O
A1176,B(C1=CC(=CN=C1OCC)C(F)(F)F)(O)O
A1177,B(C1=CC(=CN=C1OC(C)C)C(F)(F)F)(O)O
A1178,B(C1=CN=C(C=C1)SC2CCCC2)(O)O
A1179,B1(OC(C(O1)(C)C)(C)C)C2=CC(=CN=C2)C(=O)N3CCCC3
A1180,B1(OC(C(O1)(C)C)(C)C)C2=CC3=C(C=C2)OCC(=O)N3C
A1181,B1(OC(C(O1)(C)C)(C)C)C2=CN(N=C2)CC3CC3
A1182,B(C1=C(C=C(C=C1)C)C(=O)NC(C)(C)C)(O)O
A1183,B1(OC(C(O1)(C)C)(C)C)C2=CC(=CN=C2)NS(=O)(=O)C
A1184,B(C1=CC(=CC=C1)CN2CCN(CC2)C)(O)O
A1185,B(C1=CC(=CC(=C1)OC(C)C)C)(O)O
A1186,B(C1=CC(=CN=C1SC)C(F)(F)F)(O)O
A1187,B(C1=CN(C(=O)N(C1=O)COC)COC)(O)O
A1188,B(C1=CC(=C(C=C1)N2CCOCC2)C)(O)O
A1189,B(C1=CC(=CC(=C1)O)C)(O)O
A1190,B1(OC(C(O1)(C)C)(C)C)C2=CN(N=C2)CC(=O)N
A1191,B1(OC(C(O1)(C)C)(C)C)C2=CC=C(C=C2)S(=O)C
A1192,B1(OC(C(O1)(C)C)(C)C)C2=CN(N=C2)CCCC
A1193,B(C1=CN=C(C=C1)S(=O)(=O)CC)(O)O
A1194,B(C1=C(C=CC(=C1)C#N)C)(O)O
A1195,B1(OC(C(O1)(C)C)(C)C)C2=CC=C(C=C2)C3CCCCC3
A1196,B1(OC(C(O1)(C)C)(C)C)C2=CC(=CC=C2)CC(=O)NC
A1197,B1(OC(C(O1)(C)C)(C)C)C2=CC(=CC=C2)CC(=O)NC(C)C
A1198,B1(OC(C(O1)(C)C)(C)C)C2=CC(=CC=C2)CC(=O)N(C)C
A1199,B1(OC(C(O1)(C)C)(C)C)C2=CC3=C(C=C2)NC(=O)CC3
A1200,B1(OC(C(O1)(C)C)(C)C)C2=CC=NN2CC3CC3
A1201,B(C1=CN=C(N=C1)NC2CC2)(O)O
A1202,B(C1=CC(=CN=C1OC2CCCCC2)C)(O)O
A1203,B1(OC(C(O1)(C)C)(C)C)C2=CN=C(N=C2)OCC(F)(F)F
A1204,B1(OC(C(O1)(C)C)(C)C)C2=CC(=NN=C2)C
A1205,B1(OC(C(O1)(C)C)(C)C)C2=CN(N=C2)C3CCOC3
A1206,B(C1=CC(=C(C=C1)C#N)C)(O)O
A1207,B(C1=CC(=C(C=C1)O)OC)(O)O
A1208,B(C1=CC(=CC=C1)SC2CC2)(O)O
A1209,B(C1=CN=C(N=C1)SCCCC)(O)O
A1210,B(C1=CC(=C(C=C1)C)OCC)(O)O
A1211,B1(OC(C(O1)(C)C)(C)C)C2=CC(=CC=C2)S(=O)C
A1212,B1(OC(C(O1)(C)C)(C)C)C2=CC=C(C=C2)C3CCOCC3
A1213,B1(OC(C(O1)(C)C)(C)C)C2=CN=C(N=C2)NCC(C)C
A1214,B(C1=CC=CC=C1C2(CC2)C#N)(O)O
A1215,B1(OC(C(O1)(C)C)(C)C)C2=CC(=CC=C2)S(=O)(=O)N3CCCCC3
A1216,B1(OC(C(O1)(C)C)(C)C)C2=CC(=CC=C2)S(=O)(=O)C3CC3
A1217,B1(OC(C(O1)(C)C)(C)C)C2=CC(=CC=C2)S(=O)(=O)N3CCCC3
A1218,B1(OC(C(O1)(C)C)(C)C)C2=CC(=CC=C2)S(=O)(=O)N3CCN(CC3)C(=O)OC(C)(C)C
A1219,B1(OC(C(O1)(C)C)(C)C)C2=CC(=CC=C2)S(=O)(=O)N3CCN(CC3)C
A1220,B1(OC(C(O1)(C)C)(C)C)C2=CC(=CC=C2)S(=O)(=O)N3CCCN(CC3)C(=O)OC(C)(C)C
A1221,B(C1=CN=C(N=C1)N2CCCCCC2)(O)O
A1222,B(C1=CC(=C(C=C1)OC(F)(F)F)C(=O)O)(O)O
A1223,B(C1=CC(=CC=C1)C(C)(C)C#N)(O)O
A1224,B(C1=CC2=C(C=C1)OCCN2C)(O)O
A1225,B1(OC(C(O1)(C)C)(C)C)C2=CC=NN2C3CCCC3
A1226,B(C1=C(C=CN=C1)OC)(O)O
A1227,B1(OC(C(O1)(C)C)(C)C)C2=CN(N=C2)C3CCOCC3
A1228,B1(OC(C(O1)(C)C)(C)C)C2=CN(N=C2)C3COC3
A1229,B(C1=CC(=CC=C1)N2C(=O)C=CC2=O)(O)O
A1230,B(C1=CC=C(C=C1)OCC(C)(C)C)(O)O
A1231,B(C1=CC=C(C=C1)OC(C)(C)C)(O)O
A1232,B(C1=CC(=CN=C1)N(C)C)(O)O
A1233,B(C1=CC(=CN=C1)CC)(O)O
A1234,B(C1=CC(=CC=C1)NS(=O)(=O)CCCC)(O)O
A1235,B(C1=CC(=CC=C1)NS(=O)(=O)CCC)(O)O
A1236,B(C1=CC(=CC(=C1)N)C(=O)O)(O)O
A1237,B(C1=C(C=CC(=C1)C(F)(F)F)OC)(O)O
A1238,B(C1=C(N=CC=C1)OCC)(O)O
A1239,B(C1=CC=C(C=C1)OC2CCCCO2)(O)O
A1240,B(C1=CN=C(C=C1)C(F)(F)F)(O)O
A1241,B1(OC(=O)CN(CC(=O)O1)C)C2=NC=C(C=C2)C
A1242,B1(OC(=O)CN(CC(=O)O1)C)C2=NC=CC(=C2)C(F)(F)F
A1243,B1(OC(=O)CN(CC(=O)O1)C)C2=NC(=CC=C2)C(F)(F)F
A1244,B1(OC(=O)CN(CC(=O)O1)C)C2=C(C=CS2)C
A1245,B(C1=C(C(=CC=C1)OC)C(=O)N(C(C)C)C(C)C)(O)O
A1246,B(C1=CC=CC=C1S(=O)(=O)NC(C)(C)C)(O)O
A1247,B1(OC(C(O1)(C)C)(C)C)C2=CN=C(C=C2)C(OC)OC
A1248,B(C1=CC=CC=C1C(=O)N(C(C)C)C(C)C)(O)O
A1249,B1(OC(C(O1)(C)C)(C)C)C2=CC=C(C=C2)C3CCC(CC3)CC(=O)OCC
A1250,B1(OC(C(O1)(C)C)(C)C)C2=CC=C(C=C2)S(=O)(=O)C3(CCOCC3)C(=O)OC(C)(C)C
A1251,B1(OC(=O)CN(CC(=O)O1)C)C2=CC=C(C=C2)O
A1252,B1(OC(C(O1)(C)C)(C)C)C2=CC=C(C=C2)C#CI
A1253,B(C1=CN=C(C=C1)SC)(O)O
A1254,B(C1=CC(=CC=C1)CC)(O)O
A1255,B1(OC(C(O1)(C)C)(C)C)C2=CN(N=C2)C3CC3
A1256,B1(OC(C(O1)(C)C)(C)C)C2=C(C=CC=C2OCC3CCC3)OC
A1257,B1(OC(C(O1)(C)C)(C)C)C2=CC=CC=C2OCC3CC3
A1258,B1(OC(C(O1)(C)C)(C)C)C2=CC(=CC=C2)C
A1259,B(C1=CN=C(N=C1)OC)(O)O
A1260,B(C1=CC=C(C=C1)SCCCC)(O)O
A1261,B(C1=C(C=CC(=C1)OC)C=O)(O)O
A1262,B(C1=CC=CC=N1)(OC)OC
A1263,B(C1=C2CCCCC2=CC=C1)(O)O
A1264,B1(OC(C(O1)(C)C)(C)C)C2=CC(=C(N=C2)N3CCOCC3)C